text,intent
How do I create a donation?,food_donation
How do I create a donation,food_donation
How to create a food donation?,food_donation
How to create a food donation,food_donation
How can I create a donation?,food_donation
How can I create a donation,food_donation
What food are accepted?,food_donation
What food are accepted,food_donation
Which foods can I donate?,food_donation
Which foods can I donate,food_donation
Can I donate cooked food?,food_donation
Can I donate cooked food,food_donation
Can I donate fruits?,food_donation
Can I donate fruits,food_donation
Can I donate vegetables?,food_donation
Can I donate vegetables,food_donation
Can I donate packaged food?,food_donation
Can I donate packaged food,food_donation
What food is not accepted?,food_donation
What food is not accepted,food_donation
Can I donate expired food?,food_donation
Can I donate expired food,food_donation
Can I donate homemade food?,food_donation
Can I donate homemade food,food_donation
Is hot food accepted?,food_donation
Is hot food accepted,food_donation
Is frozen food accepted?,food_donation
Is frozen food accepted,food_donation
What are the food donation guidelines?,food_donation
What are the food donation guidelines,food_donation
What foods are safe to donate?,food_donation
What foods are safe to donate,food_donation
Can I donate bakery items?,food_donation
Can I donate bakery items,food_donation
Can I donate milk products?,food_donation
Can I donate milk products,food_donation
Can I donate rice?,food_donation
Can I donate rice,food_donation
Can I donate curry?,food_donation
Can I donate curry,food_donation
Can I donate leftover food?,food_donation
Can I donate leftover food,food_donation
Can I donate unopened packaged food?,food_donation
Can I donate unopened packaged food,food_donation
What types of food does FoodReach accept?,food_donation
What types of food does FoodReach accept,food_donation
How do I donate food?,food_donation
How do I donate food,food_donation
I want to donate meals,food_donation
Donate food,food_donation
Share food,food_donation
How can I donate?,food_donation
How can I donate,food_donation
Donate groceries,food_donation
Food donation process,food_donation
Where do I donate food?,food_donation
Where do I donate food,food_donation
I want to share excess food,food_donation
How to list leftover food for donation?,food_donation
How to list leftover food for donation,food_donation
Can donors give surplus catering food?,food_donation
Can donors give surplus catering food,food_donation
I have excess food from a wedding to donate,food_donation
Step by step guide to donate food on FoodReach,food_donation
How to post a new food donation item?,food_donation
How to post a new food donation item,food_donation
Can restaurants donate leftover meals?,food_donation
Can restaurants donate leftover meals,food_donation
How do I give away extra food?,food_donation
How do I give away extra food,food_donation
Is there a way to donate fresh fruits and vegetables?,food_donation
Is there a way to donate fresh fruits and vegetables,food_donation
How much food can I donate at once?,food_donation
How much food can I donate at once,food_donation
Who receives the food I donate?,food_donation
Who receives the food I donate,food_donation
How do I schedule a food donation?,food_donation
How do I schedule a food donation,food_donation
What types of food can be donated?,food_donation
What types of food can be donated,food_donation
How long does a food donation stay listed?,food_donation
How long does a food donation stay listed,food_donation
Can individuals donate food or only businesses?,food_donation
Can individuals donate food or only businesses,food_donation
I have 50 plates of food to donate,food_donation
How do I select the quantity for food donation?,food_donation
How do I select the quantity for food donation,food_donation
Can I specify the preparation time when donating?,food_donation
Can I specify the preparation time when donating,food_donation
Is there a minimum amount of food required to donate?,food_donation
Is there a minimum amount of food required to donate,food_donation
Can I upload a picture of the food when donating?,food_donation
Can I upload a picture of the food when donating,food_donation
How to input food storage temperature during donation?,food_donation
How to input food storage temperature during donation,food_donation
Do I pay anything to donate food?,food_donation
Do I pay anything to donate food,food_donation
Can I donate beverage items or juice cartons?,food_donation
Can I donate beverage items or juice cartons,food_donation
How do I cancel a food donation I created?,food_donation
How do I cancel a food donation I created,food_donation
Can I edit details of a submitted food donation?,food_donation
Can I edit details of a submitted food donation,food_donation
What happens after I post a food donation?,food_donation
What happens after I post a food donation,food_donation
How do NGOs get notified about my food donation?,food_donation
How do NGOs get notified about my food donation,food_donation
Is raw grain or rice accepted for donation?,food_donation
Is raw grain or rice accepted for donation,food_donation
How fast does donated food get picked up?,food_donation
How fast does donated food get picked up,food_donation
Can I donate food late at night?,food_donation
Can I donate food late at night,food_donation
Where does the donated food go?,food_donation
Where does the donated food go,food_donation
Can corporate canteens donate surplus food?,food_donation
Can corporate canteens donate surplus food,food_donation
I want to offer free food to those in need,food_donation
How to register as a food donor?,food_donation
How to register as a food donor,food_donation
Can hotel buffets donate untouched food?,food_donation
Can hotel buffets donate untouched food,food_donation
How to ensure my food donation gets accepted?,food_donation
How to ensure my food donation gets accepted,food_donation
Can I specify expiry date when listing food?,food_donation
Can I specify expiry date when listing food,food_donation
Does FoodReach pick up food donations?,food_donation
Does FoodReach pick up food donations,food_donation
Can I donate food anonymously?,food_donation
Can I donate food anonymously,food_donation
How to track who accepted my food donation?,food_donation
How to track who accepted my food donation,food_donation
I have extra party food to give away,food_donation
Can I schedule recurring daily food donations?,food_donation
Can I schedule recurring daily food donations,food_donation
What is the best time to list hot cooked food?,food_donation
What is the best time to list hot cooked food,food_donation
Can I donate canned foods?,food_donation
Can I donate canned foods,food_donation
I want to post a new food listing,food_donation
How to share leftover party food?,food_donation
How to share leftover party food,food_donation
Can I donate unexpired packaged snacks?,food_donation
Can I donate unexpired packaged snacks,food_donation
I have extra food from an event,food_donation
Where do I enter donation description?,food_donation
Where do I enter donation description,food_donation
Can I specify pickup address for food?,food_donation
Can I specify pickup address for food,food_donation
How to list bulk food donations?,food_donation
How to list bulk food donations,food_donation
Is there any charge to donate food?,food_donation
Is there any charge to donate food,food_donation
Can I give away leftover rice and curry?,food_donation
Can I give away leftover rice and curry,food_donation
How to add photos to food donation listing?,food_donation
How to add photos to food donation listing,food_donation
What happens when an NGO claims my food?,food_donation
What happens when an NGO claims my food,food_donation
Can I donate cooked meals from a hotel?,food_donation
Can I donate cooked meals from a hotel,food_donation
How to donate excess food from a banquet?,food_donation
How to donate excess food from a banquet,food_donation
Can I donate raw vegetables from a farm?,food_donation
Can I donate raw vegetables from a farm,food_donation
Where do I click to create a donation?,food_donation
Where do I click to create a donation,food_donation
I want to give away surplus bread loaves,food_donation
How do I specify food category when donating?,food_donation
How do I specify food category when donating,food_donation
Can I donate packaged fruit juice?,food_donation
Can I donate packaged fruit juice,food_donation
How to offer extra food to nearby shelters?,food_donation
How to offer extra food to nearby shelters,food_donation
Can I donate food without a car?,food_donation
Can I donate food without a car,food_donation
Where to submit food donation form?,food_donation
Where to submit food donation form,food_donation
Can I donate sealed dairy products?,food_donation
Can I donate sealed dairy products,food_donation
How to specify shelf life for donated food?,food_donation
How to specify shelf life for donated food,food_donation
Can I donate meals to homeless shelters?,food_donation
Can I donate meals to homeless shelters,food_donation
How to share excess dinner leftovers?,food_donation
How to share excess dinner leftovers,food_donation
Is there a maximum quantity for food donation?,food_donation
Is there a maximum quantity for food donation,food_donation
Can I donate fresh produce from my garden?,food_donation
Can I donate fresh produce from my garden,food_donation
How to list hot food for immediate pickup?,food_donation
How to list hot food for immediate pickup,food_donation
Where can donors view their posted food items?,food_donation
Where can donors view their posted food items,food_donation
Can I donate bottled water or drinks?,food_donation
Can I donate bottled water or drinks,food_donation
How to notify local charities of extra food?,food_donation
How to notify local charities of extra food,food_donation
Can I donate unopened cereal boxes?,food_donation
Can I donate unopened cereal boxes,food_donation
How to schedule food collection for tomorrow?,food_donation
How to schedule food collection for tomorrow,food_donation
I have 100 lunch boxes to donate,food_donation
Can I donate food from a corporate event?,food_donation
Can I donate food from a corporate event,food_donation
How to offer surplus buffet food?,food_donation
How to offer surplus buffet food,food_donation
Where do I set pickup availability hours?,food_donation
Where do I set pickup availability hours,food_donation
Can I donate whole fruits like apples and oranges?,food_donation
Can I donate whole fruits like apples and oranges,food_donation
How to list baked goods for donation?,food_donation
How to list baked goods for donation,food_donation
Can I donate food from a cafeteria?,food_donation
Can I donate food from a cafeteria,food_donation
How to share extra food with community kitchens?,food_donation
How to share extra food with community kitchens,food_donation
Can I edit food quantity after posting?,food_donation
Can I edit food quantity after posting,food_donation
Where is the Donate Food button located?,food_donation
Where is the Donate Food button located,food_donation
Can I donate homemade soup or stews?,food_donation
Can I donate homemade soup or stews,food_donation
How to post surplus food items quickly?,food_donation
How to post surplus food items quickly,food_donation
Can I donate sealed snack packages?,food_donation
Can I donate sealed snack packages,food_donation
How to give away extra sandwiches?,food_donation
How to give away extra sandwiches,food_donation
Can I donate food from a university hall?,food_donation
Can I donate food from a university hall,food_donation
Where to find the new donation form?,food_donation
Where to find the new donation form,food_donation
How to list perishable items before they expire?,food_donation
How to list perishable items before they expire,food_donation
Can I donate untouched catering platters?,food_donation
Can I donate untouched catering platters,food_donation
How to share excess breakfast food?,food_donation
How to share excess breakfast food,food_donation
Can I donate food during holidays?,food_donation
Can I donate food during holidays,food_donation
Where to see my active food donations?,food_donation
Where to see my active food donations,food_donation
How to specify packaging type for food?,food_donation
How to specify packaging type for food,food_donation
Can I donate cooked meals in disposable containers?,food_donation
Can I donate cooked meals in disposable containers,food_donation
How to list surplus groceries for pickup?,food_donation
How to list surplus groceries for pickup,food_donation
Can I donate food from a restaurant kitchen?,food_donation
Can I donate food from a restaurant kitchen,food_donation
How to offer extra food to orphanages?,food_donation
How to offer extra food to orphanages,food_donation
Where do I list unused ingredients?,food_donation
Where do I list unused ingredients,food_donation
Can I donate raw pulse and grains?,food_donation
Can I donate raw pulse and grains,food_donation
How to share leftover office lunch?,food_donation
How to share leftover office lunch,food_donation
Can I donate sealed yogurt cups?,food_donation
Can I donate sealed yogurt cups,food_donation
How to post food donation on mobile app?,food_donation
How to post food donation on mobile app,food_donation
Can I donate extra food from a festival?,food_donation
Can I donate extra food from a festival,food_donation
Where to submit donation details?,food_donation
Where to submit donation details,food_donation
How to gift excess food to the needy?,food_donation
How to gift excess food to the needy,food_donation
Can I donate pre-packaged salads?,food_donation
Can I donate pre-packaged salads,food_donation
How to list surplus food for fast delivery?,food_donation
How to list surplus food for fast delivery,food_donation
Can I donate food to local food banks?,food_donation
Can I donate food to local food banks,food_donation
Where to manage my active food listings?,food_donation
Where to manage my active food listings,food_donation
How to post food donation in 3 easy steps?,food_donation
How to post food donation in 3 easy steps,food_donation
Are raw food ingredients accepted?,food_donation
Are raw food ingredients accepted,food_donation
Can I donate packaged dry food?,food_donation
Can I donate packaged dry food,food_donation
What food items can be shared on FoodReach?,food_donation
What food items can be shared on FoodReach,food_donation
Can I donate fresh bakery items?,food_donation
Can I donate fresh bakery items,food_donation
Is hot cooked meal donation allowed?,food_donation
Is hot cooked meal donation allowed,food_donation
Can I list extra party food?,food_donation
Can I list extra party food,food_donation
What food is rejected for donation?,food_donation
What food is rejected for donation,food_donation
Can I donate food that is close to expiry?,food_donation
Can I donate food that is close to expiry,food_donation
What items are eligible for donation?,food_donation
What items are eligible for donation,food_donation
Can I donate surplus catering meals?,food_donation
Can I donate surplus catering meals,food_donation
Are cold beverages accepted for donation?,food_donation
Are cold beverages accepted for donation,food_donation
Can I donate canned beans or vegetables?,food_donation
Can I donate canned beans or vegetables,food_donation
How do NGOs work?,ngo_registration
How do NGOs work,ngo_registration
How does an NGO receive donations?,ngo_registration
How does an NGO receive donations,ngo_registration
How can NGOs accept donations?,ngo_registration
How can NGOs accept donations,ngo_registration
How can I register my NGO?,ngo_registration
How can I register my NGO,ngo_registration
What are NGO requirements?,ngo_registration
What are NGO requirements,ngo_registration
Can an NGO reject a donation?,ngo_registration
Can an NGO reject a donation,ngo_registration
How are NGOs verified?,ngo_registration
How are NGOs verified,ngo_registration
How do NGOs register on FoodReach?,ngo_registration
How do NGOs register on FoodReach,ngo_registration
Register as an NGO,ngo_registration
NGO signup process,ngo_registration
How can my charity join FoodReach?,ngo_registration
How can my charity join FoodReach,ngo_registration
Where do non-profits sign up?,ngo_registration
Where do non-profits sign up,ngo_registration
How to verify NGO account?,ngo_registration
How to verify NGO account,ngo_registration
What documents are required for NGO registration?,ngo_registration
What documents are required for NGO registration,ngo_registration
Can any welfare shelter register as an NGO?,ngo_registration
Can any welfare shelter register as an NGO,ngo_registration
NGO registration requirements,ngo_registration
How to set NGO food serving capacity?,ngo_registration
How to set NGO food serving capacity,ngo_registration
How do NGOs claim food donations?,ngo_registration
How do NGOs claim food donations,ngo_registration
Can orphanages join FoodReach as an NGO?,ngo_registration
Can orphanages join FoodReach as an NGO,ngo_registration
How to update NGO address and coordinates?,ngo_registration
How to update NGO address and coordinates,ngo_registration
Is NGO registration free?,ngo_registration
Is NGO registration free,ngo_registration
How long does NGO approval take?,ngo_registration
How long does NGO approval take,ngo_registration
Can community kitchens register as NGOs?,ngo_registration
Can community kitchens register as NGOs,ngo_registration
How to add target food preferences for an NGO?,ngo_registration
How to add target food preferences for an NGO,ngo_registration
What is the maximum capacity an NGO can set?,ngo_registration
What is the maximum capacity an NGO can set,ngo_registration
How do NGOs view nearby food donations on map?,ngo_registration
How do NGOs view nearby food donations on map,ngo_registration
Can an NGO accept multiple donations simultaneously?,ngo_registration
Can an NGO accept multiple donations simultaneously,ngo_registration
How to set up NGO location on the interactive map?,ngo_registration
How to set up NGO location on the interactive map,ngo_registration
Can trust organizations register on FoodReach?,ngo_registration
Can trust organizations register on FoodReach,ngo_registration
How do NGOs receive push alerts for new food?,ngo_registration
How do NGOs receive push alerts for new food,ngo_registration
What information does an NGO need to provide?,ngo_registration
What information does an NGO need to provide,ngo_registration
Can an NGO assign volunteers for pickup?,ngo_registration
Can an NGO assign volunteers for pickup,ngo_registration
How to check NGO registration status?,ngo_registration
How to check NGO registration status,ngo_registration
Where to submit NGO 12A or 80G tax certificate?,ngo_registration
Where to submit NGO 12A or 80G tax certificate,ngo_registration
Can feeding centers register on the platform?,ngo_registration
Can feeding centers register on the platform,ngo_registration
How to change NGO operating hours?,ngo_registration
How to change NGO operating hours,ngo_registration
Can NGOs request specific types of food?,ngo_registration
Can NGOs request specific types of food,ngo_registration
How does NGO matchmaking algorithm work?,ngo_registration
How does NGO matchmaking algorithm work,ngo_registration
Can international NGOs join FoodReach?,ngo_registration
Can international NGOs join FoodReach,ngo_registration
How to link volunteers to an NGO account?,ngo_registration
How to link volunteers to an NGO account,ngo_registration
What happens after NGO registration is completed?,ngo_registration
What happens after NGO registration is completed,ngo_registration
How to see NGO analytics and impact metrics?,ngo_registration
How to see NGO analytics and impact metrics,ngo_registration
Is there a limit on how much food an NGO can claim?,ngo_registration
Is there a limit on how much food an NGO can claim,ngo_registration
Can old age homes sign up as NGOs?,ngo_registration
Can old age homes sign up as NGOs,ngo_registration
How do NGOs contact donors directly?,ngo_registration
How do NGOs contact donors directly,ngo_registration
What to do if NGO credentials are lost?,ngo_registration
What to do if NGO credentials are lost,ngo_registration
How to re-verify an NGO profile?,ngo_registration
How to re-verify an NGO profile,ngo_registration
Can NGO staff have separate login accounts?,ngo_registration
Can NGO staff have separate login accounts,ngo_registration
How to update NGO contact phone number?,ngo_registration
How to update NGO contact phone number,ngo_registration
What is the serving capacity metric in NGO profile?,ngo_registration
What is the serving capacity metric in NGO profile,ngo_registration
How to set NGO food category preferences?,ngo_registration
How to set NGO food category preferences,ngo_registration
Can NGOs request emergency food supplies?,ngo_registration
Can NGOs request emergency food supplies,ngo_registration
How to view historical food claims for an NGO?,ngo_registration
How to view historical food claims for an NGO,ngo_registration
Where is the NGO dashboard located?,ngo_registration
Where is the NGO dashboard located,ngo_registration
Can NGOs rate donors or volunteers?,ngo_registration
Can NGOs rate donors or volunteers,ngo_registration
How do NGOs track volunteer live location?,ngo_registration
How do NGOs track volunteer live location,ngo_registration
Is registration open for newly formed NGOs?,ngo_registration
Is registration open for newly formed NGOs,ngo_registration
How do NGOs receive confirmation emails?,ngo_registration
How do NGOs receive confirmation emails,ngo_registration
Can NGOs update their serving capacity anytime?,ngo_registration
Can NGOs update their serving capacity anytime,ngo_registration
What is the role of an NGO in FoodReach?,ngo_registration
What is the role of an NGO in FoodReach,ngo_registration
How to sign up my charity organization?,ngo_registration
How to sign up my charity organization,ngo_registration
Where is the NGO registration form?,ngo_registration
Where is the NGO registration form,ngo_registration
Can non-profit foundations register here?,ngo_registration
Can non-profit foundations register here,ngo_registration
How do NGOs claim surplus food on map?,ngo_registration
How do NGOs claim surplus food on map,ngo_registration
What credentials do NGOs need to register?,ngo_registration
What credentials do NGOs need to register,ngo_registration
Can children's shelters sign up as NGOs?,ngo_registration
Can children's shelters sign up as NGOs,ngo_registration
How to register an NGO for food recovery?,ngo_registration
How to register an NGO for food recovery,ngo_registration
Where to upload NGO registration certificate?,ngo_registration
Where to upload NGO registration certificate,ngo_registration
Can homeless shelters claim food on FoodReach?,ngo_registration
Can homeless shelters claim food on FoodReach,ngo_registration
How to join FoodReach as a non-profit partner?,ngo_registration
How to join FoodReach as a non-profit partner,ngo_registration
What is required to verify an NGO profile?,ngo_registration
What is required to verify an NGO profile,ngo_registration
Can disaster relief groups register as NGOs?,ngo_registration
Can disaster relief groups register as NGOs,ngo_registration
How do NGOs receive food donation alerts?,ngo_registration
How do NGOs receive food donation alerts,ngo_registration
Where to enter NGO serving capacity in Kg?,ngo_registration
Where to enter NGO serving capacity in Kg,ngo_registration
Can community dining halls register as NGOs?,ngo_registration
Can community dining halls register as NGOs,ngo_registration
How to view available food listings as an NGO?,ngo_registration
How to view available food listings as an NGO,ngo_registration
What features are available on the NGO panel?,ngo_registration
What features are available on the NGO panel,ngo_registration
Can NGO coordinators manage multiple shelters?,ngo_registration
Can NGO coordinators manage multiple shelters,ngo_registration
How to accept a food donation listing?,ngo_registration
How to accept a food donation listing,ngo_registration
Where do NGOs see active food claims?,ngo_registration
Where do NGOs see active food claims,ngo_registration
Can an NGO update its primary address?,ngo_registration
Can an NGO update its primary address,ngo_registration
How to set NGO GPS location on map?,ngo_registration
How to set NGO GPS location on map,ngo_registration
What to do after registering an NGO account?,ngo_registration
What to do after registering an NGO account,ngo_registration
Can local charities claim cooked food?,ngo_registration
Can local charities claim cooked food,ngo_registration
How do NGOs filter food donations by distance?,ngo_registration
How do NGOs filter food donations by distance,ngo_registration
Where to enter NGO representative details?,ngo_registration
Where to enter NGO representative details,ngo_registration
Can registered trusts receive food donations?,ngo_registration
Can registered trusts receive food donations,ngo_registration
How to check if an NGO is approved?,ngo_registration
How to check if an NGO is approved,ngo_registration
What food preferences can an NGO select?,ngo_registration
What food preferences can an NGO select,ngo_registration
Can NGOs request daily food deliveries?,ngo_registration
Can NGOs request daily food deliveries,ngo_registration
Where is the NGO registration button?,ngo_registration
Where is the NGO registration button,ngo_registration
How do NGOs assign pickup drivers?,ngo_registration
How do NGOs assign pickup drivers,ngo_registration
Can non-government organizations sign up easily?,ngo_registration
Can non-government organizations sign up easily,ngo_registration
What documents verify an NGO account?,ngo_registration
What documents verify an NGO account,ngo_registration
How to access the NGO control console?,ngo_registration
How to access the NGO control console,ngo_registration
Where do NGOs manage volunteer staff?,ngo_registration
Where do NGOs manage volunteer staff,ngo_registration
Can NGOs view food freshness scores?,ngo_registration
Can NGOs view food freshness scores,ngo_registration
How to update NGO contact person info?,ngo_registration
How to update NGO contact person info,ngo_registration
Where is the NGO claim button located?,ngo_registration
Where is the NGO claim button located,ngo_registration
Can registered societies join as NGOs?,ngo_registration
Can registered societies join as NGOs,ngo_registration
How to verify NGO tax exempt registration?,ngo_registration
How to verify NGO tax exempt registration,ngo_registration
Where to see NGO monthly intake stats?,ngo_registration
Where to see NGO monthly intake stats,ngo_registration
How do NGOs confirm food package delivery?,ngo_registration
How do NGOs confirm food package delivery,ngo_registration
Can NGOs operating in rural areas register?,ngo_registration
Can NGOs operating in rural areas register,ngo_registration
How to register a food bank as an NGO?,ngo_registration
How to register a food bank as an NGO,ngo_registration
What is the NGO verification process?,ngo_registration
What is the NGO verification process,ngo_registration
Where to complete NGO registration setup?,ngo_registration
Where to complete NGO registration setup,ngo_registration
How do charity organizations work on FoodReach?,ngo_registration
How do charity organizations work on FoodReach,ngo_registration
What happens when an NGO claims food?,ngo_registration
What happens when an NGO claims food,ngo_registration
Why would an NGO reject a food claim?,ngo_registration
Why would an NGO reject a food claim,ngo_registration
How are non-profit shelters verified?,ngo_registration
How are non-profit shelters verified,ngo_registration
How do charities claim surplus meals?,ngo_registration
How do charities claim surplus meals,ngo_registration
How do I become a volunteer?,volunteer
How do I become a volunteer,volunteer
How are volunteers assigned?,volunteer
How are volunteers assigned,volunteer
What does a volunteer do?,volunteer
What does a volunteer do,volunteer
Can I track a volunteer?,volunteer
Can I track a volunteer,volunteer
How do volunteers pick up food?,volunteer
How do volunteers pick up food,volunteer
Volunteer signup,volunteer
Join as a delivery volunteer,volunteer
How can I help pick up and deliver food?,volunteer
How can I help pick up and deliver food,volunteer
Volunteer registration process,volunteer
What does a food delivery volunteer do?,volunteer
What does a food delivery volunteer do,volunteer
Do volunteers get paid?,volunteer
Do volunteers get paid,volunteer
Can I volunteer part-time?,volunteer
Can I volunteer part-time,volunteer
How to earn volunteer impact scores?,volunteer
How to earn volunteer impact scores,volunteer
What are volunteer driver responsibilities?,volunteer
What are volunteer driver responsibilities,volunteer
How to view assigned volunteer pickup tasks?,volunteer
How to view assigned volunteer pickup tasks,volunteer
Can students join as volunteers?,volunteer
Can students join as volunteers,volunteer
How does volunteer live GPS tracking work?,volunteer
How does volunteer live GPS tracking work,volunteer
What equipment do volunteers need?,volunteer
What equipment do volunteers need,volunteer
How to mark a food pickup as completed?,volunteer
How to mark a food pickup as completed,volunteer
Can I volunteer using a bicycle or motor scooter?,volunteer
Can I volunteer using a bicycle or motor scooter,volunteer
How do volunteers accept delivery assignments?,volunteer
How do volunteers accept delivery assignments,volunteer
Is there a minimum age to volunteer?,volunteer
Is there a minimum age to volunteer,volunteer
How to check volunteer score and badges?,volunteer
How to check volunteer score and badges,volunteer
Where do I see my completed volunteer deliveries?,volunteer
Where do I see my completed volunteer deliveries,volunteer
Can volunteers choose their delivery routes?,volunteer
Can volunteers choose their delivery routes,volunteer
How to update volunteer contact number?,volunteer
How to update volunteer contact number,volunteer
What happens if a volunteer cannot complete a delivery?,volunteer
What happens if a volunteer cannot complete a delivery,volunteer
How do NGOs assign food pickups to volunteers?,volunteer
How do NGOs assign food pickups to volunteers,volunteer
Can I volunteer on weekends only?,volunteer
Can I volunteer on weekends only,volunteer
How to navigate to pickup location using Google Maps?,volunteer
How to navigate to pickup location using Google Maps,volunteer
What safety guidelines must volunteers follow?,volunteer
What safety guidelines must volunteers follow,volunteer
Can I volunteer in my local neighborhood?,volunteer
Can I volunteer in my local neighborhood,volunteer
How do volunteers contact donors or NGOs?,volunteer
How do volunteers contact donors or NGOs,volunteer
What is the volunteer leaderboard?,volunteer
What is the volunteer leaderboard,volunteer
How to activate live location sharing during pickup?,volunteer
How to activate live location sharing during pickup,volunteer
Do volunteers need a valid driver's license?,volunteer
Do volunteers need a valid driver's license,volunteer
How many hours per week do volunteers work?,volunteer
How many hours per week do volunteers work,volunteer
Can groups or teams volunteer together?,volunteer
Can groups or teams volunteer together,volunteer
How to mark food as delivered to NGO shelter?,volunteer
How to mark food as delivered to NGO shelter,volunteer
What to do if donor address is hard to find?,volunteer
What to do if donor address is hard to find,volunteer
Can volunteers decline a pickup request?,volunteer
Can volunteers decline a pickup request,volunteer
How to view volunteer trip stats?,volunteer
How to view volunteer trip stats,volunteer
What certificate do volunteers receive?,volunteer
What certificate do volunteers receive,volunteer
How to start pickup in volunteer app?,volunteer
How to start pickup in volunteer app,volunteer
Is volunteer vehicle inspection required?,volunteer
Is volunteer vehicle inspection required,volunteer
How to report an issue during food transit?,volunteer
How to report an issue during food transit,volunteer
Can volunteers carry thermal insulated bags?,volunteer
Can volunteers carry thermal insulated bags,volunteer
How to see active delivery notifications for volunteers?,volunteer
How to see active delivery notifications for volunteers,volunteer
Can I volunteer without a vehicle?,volunteer
Can I volunteer without a vehicle,volunteer
How does the volunteer rating system work?,volunteer
How does the volunteer rating system work,volunteer
Where to see volunteer delivery history?,volunteer
Where to see volunteer delivery history,volunteer
How to sign up for volunteer emergency shifts?,volunteer
How to sign up for volunteer emergency shifts,volunteer
What is expected from a FoodReach volunteer?,volunteer
What is expected from a FoodReach volunteer,volunteer
Can I pause my volunteer status when busy?,volunteer
Can I pause my volunteer status when busy,volunteer
How to get volunteer support assistance?,volunteer
How to get volunteer support assistance,volunteer
How do NGOs track volunteer pickup status?,volunteer
How do NGOs track volunteer pickup status,volunteer
Can volunteers handle hot food transport safely?,volunteer
Can volunteers handle hot food transport safely,volunteer
What is the volunteer score calculation?,volunteer
What is the volunteer score calculation,volunteer
How to register as a food rescue volunteer?,volunteer
How to register as a food rescue volunteer,volunteer
Where is the volunteer signup form?,volunteer
Where is the volunteer signup form,volunteer
Can I join as a delivery volunteer today?,volunteer
Can I join as a delivery volunteer today,volunteer
How do I get assigned food pickup tasks?,volunteer
How do I get assigned food pickup tasks,volunteer
What rewards do volunteers earn?,volunteer
What rewards do volunteers earn,volunteer
Can I volunteer with a two-wheeler?,volunteer
Can I volunteer with a two-wheeler,volunteer
How to accept a volunteer delivery request?,volunteer
How to accept a volunteer delivery request,volunteer
Where do volunteers check active assignments?,volunteer
Where do volunteers check active assignments,volunteer
Can I volunteer for evening food pickups?,volunteer
Can I volunteer for evening food pickups,volunteer
How to turn on GPS tracking as a volunteer?,volunteer
How to turn on GPS tracking as a volunteer,volunteer
What is the role of a volunteer driver?,volunteer
What is the role of a volunteer driver,volunteer
Can college students sign up to volunteer?,volunteer
Can college students sign up to volunteer,volunteer
How to update my volunteer profile info?,volunteer
How to update my volunteer profile info,volunteer
Where to see volunteer impact badges?,volunteer
Where to see volunteer impact badges,volunteer
Can I volunteer on flexible hours?,volunteer
Can I volunteer on flexible hours,volunteer
How to contact NGO coordinator as a volunteer?,volunteer
How to contact NGO coordinator as a volunteer,volunteer
What happens when I complete a volunteer trip?,volunteer
What happens when I complete a volunteer trip,volunteer
Can I volunteer in my city area?,volunteer
Can I volunteer in my city area,volunteer
How to view volunteer route on Google Maps?,volunteer
How to view volunteer route on Google Maps,volunteer
Where is the volunteer delivery screen?,volunteer
Where is the volunteer delivery screen,volunteer
Can volunteers get completion certificates?,volunteer
Can volunteers get completion certificates,volunteer
How to mark food package picked up in volunteer app?,volunteer
How to mark food package picked up in volunteer app,volunteer
What items do volunteers carry for food transport?,volunteer
What items do volunteers carry for food transport,volunteer
Can corporate teams register to volunteer?,volunteer
Can corporate teams register to volunteer,volunteer
How to check my total volunteer deliveries?,volunteer
How to check my total volunteer deliveries,volunteer
Where to find volunteer guidelines?,volunteer
Where to find volunteer guidelines,volunteer
Can I pause volunteer duty temporarily?,volunteer
Can I pause volunteer duty temporarily,volunteer
How to report delivery delays as a volunteer?,volunteer
How to report delivery delays as a volunteer,volunteer
Where to see volunteer score rankings?,volunteer
Where to see volunteer score rankings,volunteer
Can I volunteer without prior experience?,volunteer
Can I volunteer without prior experience,volunteer
How do NGOs assign volunteers to food claims?,volunteer
How do NGOs assign volunteers to food claims,volunteer
What to do if food package leaks during transport?,volunteer
What to do if food package leaks during transport,volunteer
Where to click Start Pickup as a volunteer?,volunteer
Where to click Start Pickup as a volunteer,volunteer
Can I volunteer for weekend food drives?,volunteer
Can I volunteer for weekend food drives,volunteer
How to view pickup address as a volunteer?,volunteer
How to view pickup address as a volunteer,volunteer
What happens if a volunteer vehicle breaks down?,volunteer
What happens if a volunteer vehicle breaks down,volunteer
Where to find active volunteer tasks?,volunteer
Where to find active volunteer tasks,volunteer
How to confirm food delivery to shelter?,volunteer
How to confirm food delivery to shelter,volunteer
Can I sign up as a youth volunteer?,volunteer
Can I sign up as a youth volunteer,volunteer
How to join the FoodReach volunteer team?,volunteer
How to join the FoodReach volunteer team,volunteer
Where to manage my volunteer shifts?,volunteer
Where to manage my volunteer shifts,volunteer
How to get volunteer driver support?,volunteer
How to get volunteer driver support,volunteer
How do delivery volunteers work?,volunteer
How do delivery volunteers work,volunteer
Can donors track the assigned volunteer?,volunteer
Can donors track the assigned volunteer,volunteer
How do volunteers collect meals from donors?,volunteer
How do volunteers collect meals from donors,volunteer
What is required to become a volunteer driver?,volunteer
What is required to become a volunteer driver,volunteer
Is my food safe?,food_safety
Is my food safe,food_safety
How long is cooked food safe?,food_safety
How long is cooked food safe,food_safety
Food safety tips,food_safety
How should food be packed?,food_safety
How should food be packed,food_safety
Can spoiled food be donated?,food_safety
Can spoiled food be donated,food_safety
What are the food safety rules?,food_safety
What are the food safety rules,food_safety
Food safety guidelines,food_safety
How to check food freshness score?,food_safety
How to check food freshness score,food_safety
Is the donated food safe to eat?,food_safety
Is the donated food safe to eat,food_safety
How is food quality ensured?,food_safety
How is food quality ensured,food_safety
What is the temperature rule for hot food?,food_safety
What is the temperature rule for hot food,food_safety
How to test if cooked food has spoiled?,food_safety
How to test if cooked food has spoiled,food_safety
What is the maximum time food can be stored before donation?,food_safety
What is the maximum time food can be stored before donation,food_safety
Food hygiene guidelines for donors,food_safety
How does FoodReach AI calculate freshness score?,food_safety
How does FoodReach AI calculate freshness score,food_safety
What temperature should cold food be kept at?,food_safety
What temperature should cold food be kept at,food_safety
Can expired food be donated?,food_safety
Can expired food be donated,food_safety
How to package hot meals safely for transport?,food_safety
How to package hot meals safely for transport,food_safety
What container types should be used for food donation?,food_safety
What container types should be used for food donation,food_safety
How to prevent food contamination during transport?,food_safety
How to prevent food contamination during transport,food_safety
What to do if food smells or looks suspicious?,food_safety
What to do if food smells or looks suspicious,food_safety
Is reheating required before serving donated food?,food_safety
Is reheating required before serving donated food,food_safety
What is the shelf life limit for cooked rice and curry?,food_safety
What is the shelf life limit for cooked rice and curry,food_safety
How to handle perishable dairy products?,food_safety
How to handle perishable dairy products,food_safety
Are allergen labels required on food packages?,food_safety
Are allergen labels required on food packages,food_safety
What are FSSAI compliance rules for food recovery?,food_safety
What are FSSAI compliance rules for food recovery,food_safety
How to inspect donated food upon delivery?,food_safety
How to inspect donated food upon delivery,food_safety
Can food stored at room temperature for 5 hours be donated?,food_safety
Can food stored at room temperature for 5 hours be donated,food_safety
What safety warning is given for low freshness scores?,food_safety
What safety warning is given for low freshness scores,food_safety
How does ambient temperature affect food spoilage?,food_safety
How does ambient temperature affect food spoilage,food_safety
Why is freshness prediction score important?,food_safety
Why is freshness prediction score important,food_safety
What to do with spoiled or sour food items?,food_safety
What to do with spoiled or sour food items,food_safety
Are plastic containers safe for hot gravy transport?,food_safety
Are plastic containers safe for hot gravy transport,food_safety
How long can cooked food stay safe without refrigeration?,food_safety
How long can cooked food stay safe without refrigeration,food_safety
What are clean handling procedures for volunteers?,food_safety
What are clean handling procedures for volunteers,food_safety
How to verify food preparation time?,food_safety
How to verify food preparation time,food_safety
Is raw meat donation subject to special storage safety?,food_safety
Is raw meat donation subject to special storage safety,food_safety
What is the safe temperature range for perishable food?,food_safety
What is the safe temperature range for perishable food,food_safety
Can food left overnight at room temp be donated?,food_safety
Can food left overnight at room temp be donated,food_safety
How to ensure sanitary packaging during monsoon?,food_safety
How to ensure sanitary packaging during monsoon,food_safety
What safety precautions apply to bakery items?,food_safety
What safety precautions apply to bakery items,food_safety
Who is responsible for food safety checks?,food_safety
Who is responsible for food safety checks,food_safety
What happens if food fails freshness evaluation?,food_safety
What happens if food fails freshness evaluation,food_safety
How to use food temperature probe readings?,food_safety
How to use food temperature probe readings,food_safety
Can fried items be stored and donated later?,food_safety
Can fried items be stored and donated later,food_safety
How does humidity impact food freshness score?,food_safety
How does humidity impact food freshness score,food_safety
What to do if packaging seal is broken?,food_safety
What to do if packaging seal is broken,food_safety
How to maintain cold chain transport for ice cream?,food_safety
How to maintain cold chain transport for ice cream,food_safety
What safety label is affixed to food donations?,food_safety
What safety label is affixed to food donations,food_safety
How often are safety guidelines updated?,food_safety
How often are safety guidelines updated,food_safety
Can leftovers from public buffets be safely donated?,food_safety
Can leftovers from public buffets be safely donated,food_safety
How to sanitize food carrier containers?,food_safety
How to sanitize food carrier containers,food_safety
What is the safe consumption timeframe after pickup?,food_safety
What is the safe consumption timeframe after pickup,food_safety
How to report a food safety violation?,food_safety
How to report a food safety violation,food_safety
Are gloves required during food packing?,food_safety
Are gloves required during food packing,food_safety
What is the threshold score for safe food consumption?,food_safety
What is the threshold score for safe food consumption,food_safety
Why does temperature affect the AI freshness meter?,food_safety
Why does temperature affect the AI freshness meter,food_safety
How to prevent cross-contamination in transit?,food_safety
How to prevent cross-contamination in transit,food_safety
What is the recommended storage temperature for dairy?,food_safety
What is the recommended storage temperature for dairy,food_safety
How to check if food has gone bad?,food_safety
How to check if food has gone bad,food_safety
What are food handling guidelines for donors?,food_safety
What are food handling guidelines for donors,food_safety
How is food freshness score calculated?,food_safety
How is food freshness score calculated,food_safety
What to do if cooked food smells sour?,food_safety
What to do if cooked food smells sour,food_safety
Are there safety checks for donated meals?,food_safety
Are there safety checks for donated meals,food_safety
What temperature should cooked food be stored at?,food_safety
What temperature should cooked food be stored at,food_safety
How to package liquid curry safely?,food_safety
How to package liquid curry safely,food_safety
What containers are safe for hot food transport?,food_safety
What containers are safe for hot food transport,food_safety
How to avoid food contamination during delivery?,food_safety
How to avoid food contamination during delivery,food_safety
What is the shelf life of fresh bread?,food_safety
What is the shelf life of fresh bread,food_safety
How to test if dairy items are fresh?,food_safety
How to test if dairy items are fresh,food_safety
What is the safe storage temperature for milk?,food_safety
What is the safe storage temperature for milk,food_safety
How to inspect food quality before accepting?,food_safety
How to inspect food quality before accepting,food_safety
What warning shows if food freshness score is low?,food_safety
What warning shows if food freshness score is low,food_safety
Why is temperature input required for freshness check?,food_safety
Why is temperature input required for freshness check,food_safety
How to reheat donated food safely?,food_safety
How to reheat donated food safely,food_safety
What safety rules apply to hotel leftover food?,food_safety
What safety rules apply to hotel leftover food,food_safety
Can food kept at 30°C be donated safely?,food_safety
Can food kept at 30°C be donated safely,food_safety
What is the minimum safe freshness score?,food_safety
What is the minimum safe freshness score,food_safety
How to report unsafe or spoiled food?,food_safety
How to report unsafe or spoiled food,food_safety
Are plastic food bags allowed for hot food?,food_safety
Are plastic food bags allowed for hot food,food_safety
How to preserve food freshness during summer?,food_safety
How to preserve food freshness during summer,food_safety
What precautions keep bakery items fresh?,food_safety
What precautions keep bakery items fresh,food_safety
Who inspects food safety at pickup?,food_safety
Who inspects food safety at pickup,food_safety
How to maintain food hygiene in transit?,food_safety
How to maintain food hygiene in transit,food_safety
What to do if food packaging is damaged?,food_safety
What to do if food packaging is damaged,food_safety
How to store cooked rice safely?,food_safety
How to store cooked rice safely,food_safety
What are FSSAI standards for surplus food?,food_safety
What are FSSAI standards for surplus food,food_safety
How to prevent bacterial growth in food?,food_safety
How to prevent bacterial growth in food,food_safety
What is the max storage hours for cooked curry?,food_safety
What is the max storage hours for cooked curry,food_safety
Can cold drinks be stored without refrigeration?,food_safety
Can cold drinks be stored without refrigeration,food_safety
How to check expiry date on food packaging?,food_safety
How to check expiry date on food packaging,food_safety
What containers prevent food spills?,food_safety
What containers prevent food spills,food_safety
How to handle fresh fruit donations safely?,food_safety
How to handle fresh fruit donations safely,food_safety
Where to view food safety guidelines in app?,food_safety
Where to view food safety guidelines in app,food_safety
What to do if food temperature is too high?,food_safety
What to do if food temperature is too high,food_safety
How does FoodReach ensure food hygiene?,food_safety
How does FoodReach ensure food hygiene,food_safety
What are clean packing rules for donors?,food_safety
What are clean packing rules for donors,food_safety
How to check food quality before serving?,food_safety
How to check food quality before serving,food_safety
How to pack food for delivery safely?,food_safety
How to pack food for delivery safely,food_safety
How many hours is cooked food good for?,food_safety
How many hours is cooked food good for,food_safety
Is spoiled food allowed for donation?,food_safety
Is spoiled food allowed for donation,food_safety
What are essential food safety tips for donors?,food_safety
What are essential food safety tips for donors,food_safety
How do I use FoodReach?,app_usage
How do I use FoodReach,app_usage
How do I use the FoodReach app?,app_usage
How do I use the FoodReach app,app_usage
App guide and features,app_usage
How to navigate the application?,app_usage
How to navigate the application,app_usage
What can I do on FoodReach?,app_usage
What can I do on FoodReach,app_usage
How does the interactive map work?,app_usage
How does the interactive map work,app_usage
Where is the navigation menu?,app_usage
Where is the navigation menu,app_usage
How to switch between Light and Dark mode?,app_usage
How to switch between Light and Dark mode,app_usage
How to change language settings in the app?,app_usage
How to change language settings in the app,app_usage
What are the main screens in FoodReach?,app_usage
What are the main screens in FoodReach,app_usage
How to filter donation listings on the map?,app_usage
How to filter donation listings on the map,app_usage
How to refresh the dashboard data?,app_usage
How to refresh the dashboard data,app_usage
Where can I find the AI Assistant in the app?,app_usage
Where can I find the AI Assistant in the app,app_usage
How to view analytics charts?,app_usage
How to view analytics charts,app_usage
What do the status colors mean on cards?,app_usage
What do the status colors mean on cards,app_usage
How to collapse or expand the sidebar on desktop?,app_usage
How to collapse or expand the sidebar on desktop,app_usage
Where to see app version information?,app_usage
Where to see app version information,app_usage
How to export reports in CSV or Excel format?,app_usage
How to export reports in CSV or Excel format,app_usage
How to print PDF summary reports?,app_usage
How to print PDF summary reports,app_usage
What does the search bar do on listings?,app_usage
What does the search bar do on listings,app_usage
How to clear applied search filters?,app_usage
How to clear applied search filters,app_usage
Where to view real-time notification alerts?,app_usage
Where to view real-time notification alerts,app_usage
How to access the donor dashboard?,app_usage
How to access the donor dashboard,app_usage
How to access the NGO control panel?,app_usage
How to access the NGO control panel,app_usage
How to access the volunteer delivery screen?,app_usage
How to access the volunteer delivery screen,app_usage
How to access the admin console?,app_usage
How to access the admin console,app_usage
Where is the logout button located?,app_usage
Where is the logout button located,app_usage
How to test app features in offline mode?,app_usage
How to test app features in offline mode,app_usage
How to zoom in and out on the live tracking map?,app_usage
How to zoom in and out on the live tracking map,app_usage
Where do I see my active claims?,app_usage
Where do I see my active claims,app_usage
How to clear chatbot conversation history?,app_usage
How to clear chatbot conversation history,app_usage
Why is my screen not updating automatically?,app_usage
Why is my screen not updating automatically,app_usage
How to view donation progress timeline?,app_usage
How to view donation progress timeline,app_usage
What does the capacity gauge show?,app_usage
What does the capacity gauge show,app_usage
How to switch tabs on mobile devices?,app_usage
How to switch tabs on mobile devices,app_usage
Where can I see food category icons?,app_usage
Where can I see food category icons,app_usage
How to open location picker modal?,app_usage
How to open location picker modal,app_usage
How to use quick action action buttons?,app_usage
How to use quick action action buttons,app_usage
Where is the user settings page?,app_usage
Where is the user settings page,app_usage
How to view real-time system logs?,app_usage
How to view real-time system logs,app_usage
What devices support the FoodReach app?,app_usage
What devices support the FoodReach app,app_usage
Is FoodReach available on web browsers?,app_usage
Is FoodReach available on web browsers,app_usage
How to fix screen layout issues?,app_usage
How to fix screen layout issues,app_usage
Where to find the help and documentation section?,app_usage
Where to find the help and documentation section,app_usage
How to change app theme color?,app_usage
How to change app theme color,app_usage
What is the fast navigation bar?,app_usage
What is the fast navigation bar,app_usage
How to download donation summary data?,app_usage
How to download donation summary data,app_usage
Where are recent alerts displayed?,app_usage
Where are recent alerts displayed,app_usage
How to use the map search playground?,app_usage
How to use the map search playground,app_usage
What is the fresh food metric display?,app_usage
What is the fresh food metric display,app_usage
How to access quick export tools?,app_usage
How to access quick export tools,app_usage
What features require GPS location permission?,app_usage
What features require GPS location permission,app_usage
How to use multi-role account features?,app_usage
How to use multi-role account features,app_usage
Where do I see the system status indicator?,app_usage
Where do I see the system status indicator,app_usage
How to reload data when offline network restores?,app_usage
How to reload data when offline network restores,app_usage
Where is the main dashboard menu?,app_usage
Where is the main dashboard menu,app_usage
How to use app features on mobile?,app_usage
How to use app features on mobile,app_usage
How to open the side navigation menu?,app_usage
How to open the side navigation menu,app_usage
Where to toggle dark theme in app?,app_usage
Where to toggle dark theme in app,app_usage
How to search items on dashboard?,app_usage
How to search items on dashboard,app_usage
Where to find the map screen in app?,app_usage
Where to find the map screen in app,app_usage
How to use filters on donation listings?,app_usage
How to use filters on donation listings,app_usage
Where is the chatbot icon located?,app_usage
Where is the chatbot icon located,app_usage
How to view notifications in app?,app_usage
How to view notifications in app,app_usage
Where to find user settings menu?,app_usage
Where to find user settings menu,app_usage
How to download reports in PDF or CSV?,app_usage
How to download reports in PDF or CSV,app_usage
What do different status badges mean?,app_usage
What do different status badges mean,app_usage
How to switch between tabs on phone?,app_usage
How to switch between tabs on phone,app_usage
Where to check app version details?,app_usage
Where to check app version details,app_usage
How to refresh data on screen?,app_usage
How to refresh data on screen,app_usage
Where is the logout button in app?,app_usage
Where is the logout button in app,app_usage
How to use interactive map features?,app_usage
How to use interactive map features,app_usage
Where to view active donation cards?,app_usage
Where to view active donation cards,app_usage
How to change theme to light mode?,app_usage
How to change theme to light mode,app_usage
Where is the donor control panel?,app_usage
Where is the donor control panel,app_usage
How to access NGO dashboard screen?,app_usage
How to access NGO dashboard screen,app_usage
Where to find volunteer delivery list?,app_usage
Where to find volunteer delivery list,app_usage
How to clear search filters on list?,app_usage
How to clear search filters on list,app_usage
Where to check system notifications?,app_usage
Where to check system notifications,app_usage
How to print reports from admin dashboard?,app_usage
How to print reports from admin dashboard,app_usage
Where is the location picker modal?,app_usage
Where is the location picker modal,app_usage
How to use quick action buttons?,app_usage
How to use quick action buttons,app_usage
Where to view monthly summary charts?,app_usage
Where to view monthly summary charts,app_usage
How to open profile screen in app?,app_usage
How to open profile screen in app,app_usage
Where is the navigation bar at the top?,app_usage
Where is the navigation bar at the top,app_usage
How to use map zoom controls?,app_usage
How to use map zoom controls,app_usage
Where to find user guide and docs?,app_usage
Where to find user guide and docs,app_usage
How to fix display issues on mobile?,app_usage
How to fix display issues on mobile,app_usage
Where to view capacity utilization bar?,app_usage
Where to view capacity utilization bar,app_usage
How to check offline mode status?,app_usage
How to check offline mode status,app_usage
Where is the fresh food score meter?,app_usage
Where is the fresh food score meter,app_usage
How to view real-time delivery logs?,app_usage
How to view real-time delivery logs,app_usage
Where to find main menu items?,app_usage
Where to find main menu items,app_usage
How to navigate between screens easily?,app_usage
How to navigate between screens easily,app_usage
How to get started with FoodReach?,app_usage
How to get started with FoodReach,app_usage
Where can I find app user guide?,app_usage
Where can I find app user guide,app_usage
How do I log in?,login
How do I log in,login
Sign in to my account,login
Login troubleshooting,login
I cannot log in to FoodReach,login
Where is the login page?,login
Where is the login page,login
How to enter email and password to log in?,login
How to enter email and password to log in,login
Why does my login fail?,login
Why does my login fail,login
Can I log in with Google or social accounts?,login
Can I log in with Google or social accounts,login
What to do if login says Invalid credentials?,login
What to do if login says Invalid credentials,login
How to log in as a Donor?,login
How to log in as a Donor,login
How to log in as an NGO?,login
How to log in as an NGO,login
How to log in as a Volunteer?,login
How to log in as a Volunteer,login
How to log in as an Admin?,login
How to log in as an Admin,login
Why am I redirected to Check Email when trying to log in?,login
Why am I redirected to Check Email when trying to log in,login
Can I stay logged in on my device?,login
Can I stay logged in on my device,login
How to clear remembered login session?,login
How to clear remembered login session,login
Why does login say Email not verified?,login
Why does login say Email not verified,login
How to resend login verification email?,login
How to resend login verification email,login
What to do if account is suspended during login?,login
What to do if account is suspended during login,login
Is my password case sensitive during login?,login
Is my password case sensitive during login,login
Why does login button stay disabled?,login
Why does login button stay disabled,login
Can I log in on multiple devices at the same time?,login
Can I log in on multiple devices at the same time,login
How to unlock a locked login account?,login
How to unlock a locked login account,login
Where to find the Sign In button?,login
Where to find the Sign In button,login
Why did my login session expire?,login
Why did my login session expire,login
How to switch accounts without closing app?,login
How to switch accounts without closing app,login
Can I log in using my phone number?,login
Can I log in using my phone number,login
Why do I get a network error on login?,login
Why do I get a network error on login,login
How to save login password in browser autofill?,login
How to save login password in browser autofill,login
Why does login page reload repeatedly?,login
Why does login page reload repeatedly,login
What is the admin secret code for login?,login
What is the admin secret code for login,login
How to log in after email verification link is clicked?,login
How to log in after email verification link is clicked,login
Where to report login problems?,login
Where to report login problems,login
Why is login slow on mobile network?,login
Why is login slow on mobile network,login
How to log out and log back in cleanly?,login
How to log out and log back in cleanly,login
What happens if I enter wrong password 5 times?,login
What happens if I enter wrong password 5 times,login
Why does app ask for login credentials again?,login
Why does app ask for login credentials again,login
Is biometric login or fingerprint supported?,login
Is biometric login or fingerprint supported,login
How to verify my account before signing in?,login
How to verify my account before signing in,login
Where is the Remember Me checkbox on login?,login
Where is the Remember Me checkbox on login,login
Why does login screen show error text?,login
Why does login screen show error text,login
How to access account after password reset?,login
How to access account after password reset,login
Can I log in offline?,login
Can I log in offline,login
What to do if email address is unrecognized during login?,login
What to do if email address is unrecognized during login,login
How to fix invalid session token error on login?,login
How to fix invalid session token error on login,login
Why am I automatically logged out after registration?,login
Why am I automatically logged out after registration,login
How to bypass login in demo preview?,login
How to bypass login in demo preview,login
Where do I type my registered email to log in?,login
Where do I type my registered email to log in,login
Why is my login token rejected by backend?,login
Why is my login token rejected by backend,login
How to refresh authentication credentials?,login
How to refresh authentication credentials,login
What is the difference between Donor and NGO login?,login
What is the difference between Donor and NGO login,login
How to solve Supabase Auth login error?,login
How to solve Supabase Auth login error,login
Why does login ask me to check my inbox?,login
Why does login ask me to check my inbox,login
How to sign in securely?,login
How to sign in securely,login
I cannot sign in to my account,login
Why is sign in not working?,login
Why is sign in not working,login
Where do I enter login password?,login
Where do I enter login password,login
How to log in with registered email?,login
How to log in with registered email,login
Why does login say wrong credentials?,login
Why does login say wrong credentials,login
How to fix login error on app?,login
How to fix login error on app,login
Where is the Sign In form?,login
Where is the Sign In form,login
Why does my account say unverified on login?,login
Why does my account say unverified on login,login
How to log in as NGO partner?,login
How to log in as NGO partner,login
Where to enter donor login details?,login
Where to enter donor login details,login
Why is login button not responding?,login
Why is login button not responding,login
How to sign in on mobile phone?,login
How to sign in on mobile phone,login
Why does login prompt for email confirmation?,login
Why does login prompt for email confirmation,login
Where do I click to log in?,login
Where do I click to log in,login
How to solve invalid login password error?,login
How to solve invalid login password error,login
Why was my login attempt blocked?,login
Why was my login attempt blocked,login
How to log in as volunteer driver?,login
How to log in as volunteer driver,login
Where to find sign in screen?,login
Where to find sign in screen,login
Why does login say user not found?,login
Why does login say user not found,login
How to enter admin login credentials?,login
How to enter admin login credentials,login
Why am I getting login session timeout?,login
Why am I getting login session timeout,login
How to sign in after resetting password?,login
How to sign in after resetting password,login
Where to type email address to sign in?,login
Where to type email address to sign in,login
Why does login fail on web browser?,login
Why does login fail on web browser,login
How to fix authentication failed on login?,login
How to fix authentication failed on login,login
Where is the login link on home screen?,login
Where is the login link on home screen,login
Why does login take me to check email?,login
Why does login take me to check email,login
How to troubleshoot login issues?,login
How to troubleshoot login issues,login
Where to click Log In button?,login
Where to click Log In button,login
How do I create a new account?,signup
How do I create a new account,signup
Sign up for FoodReach,signup
Register new account,signup
How to join FoodReach community?,signup
How to join FoodReach community,signup
Where is the sign up button?,signup
Where is the sign up button,signup
What details are required to register?,signup
What details are required to register,signup
How to choose account role during signup?,signup
How to choose account role during signup,signup
Can I register as a donor and volunteer?,signup
Can I register as a donor and volunteer,signup
How to sign up as an NGO?,signup
How to sign up as an NGO,signup
Why does signup say Passwords do not match?,signup
Why does signup say Passwords do not match,signup
What is the minimum password length for registration?,signup
What is the minimum password length for registration,signup
How to fill contact number during registration?,signup
How to fill contact number during registration,signup
Why is email address required for signup?,signup
Why is email address required for signup,signup
What happens after I press Sign Up?,signup
What happens after I press Sign Up,signup
Why am I sent to Check Email screen after signup?,signup
Why am I sent to Check Email screen after signup,signup
How to complete email verification after signup?,signup
How to complete email verification after signup,signup
Why does signup say Email already exists?,signup
Why does signup say Email already exists,signup
Can I register with an international phone number?,signup
Can I register with an international phone number,signup
How to select GPS location during signup?,signup
How to select GPS location during signup,signup
What is the admin registration secret key?,signup
What is the admin registration secret key,signup
Can I edit profile information after signup?,signup
Can I edit profile information after signup,signup
Is there an age limit for account registration?,signup
Is there an age limit for account registration,signup
Do I need to pay to create an account?,signup
Do I need to pay to create an account,signup
Why does registration fail when offline?,signup
Why does registration fail when offline,signup
How to clear email and password fields on signup screen?,signup
How to clear email and password fields on signup screen,signup
Why does signup form prevent browser autofill?,signup
Why does signup form prevent browser autofill,signup
How to enter address during account creation?,signup
How to enter address during account creation,signup
What food preferences can I select during NGO signup?,signup
What food preferences can I select during NGO signup,signup
How to set NGO serving capacity during registration?,signup
How to set NGO serving capacity during registration,signup
Can businesses register as food donors?,signup
Can businesses register as food donors,signup
What to do if registration confirmation email is missing?,signup
What to do if registration confirmation email is missing,signup
How to resend verification link after signup?,signup
How to resend verification link after signup,signup
Why does registration require email confirmation?,signup
Why does registration require email confirmation,signup
Can I sign up using mobile app and web?,signup
Can I sign up using mobile app and web,signup
How long does account activation take after signup?,signup
How long does account activation take after signup,signup
What happens if I enter an invalid email during signup?,signup
What happens if I enter an invalid email during signup,signup
Can I register multiple accounts with different roles?,signup
Can I register multiple accounts with different roles,signup
Where is the Create Account link on login screen?,signup
Where is the Create Account link on login screen,signup
How to fix registration submit button loading forever?,signup
How to fix registration submit button loading forever,signup
Do I need to upload ID proof during registration?,signup
Do I need to upload ID proof during registration,signup
What is the terms of service agreement on signup?,signup
What is the terms of service agreement on signup,signup
Why does signup say Please fill in all mandatory fields?,signup
Why does signup say Please fill in all mandatory fields,signup
How to verify my phone number during registration?,signup
How to verify my phone number during registration,signup
Can I change my role after registration is complete?,signup
Can I change my role after registration is complete,signup
Why did my registration get rejected?,signup
Why did my registration get rejected,signup
How to register as an individual food donor?,signup
How to register as an individual food donor,signup
Is email verification mandatory for new signups?,signup
Is email verification mandatory for new signups,signup
Where do I enter full name on registration form?,signup
Where do I enter full name on registration form,signup
How to select multiple food category preferences on signup?,signup
How to select multiple food category preferences on signup,signup
Why is admin registration protected by a secret code?,signup
Why is admin registration protected by a secret code,signup
How to register for corporate food donation drives?,signup
How to register for corporate food donation drives,signup
What to do if signup page freezes?,signup
What to do if signup page freezes,signup
How to complete FoodReach account setup?,signup
How to complete FoodReach account setup,signup
Where to get help with signup errors?,signup
Where to get help with signup errors,signup
How to create a new donor account?,signup
How to create a new donor account,signup
Where is the registration page?,signup
Where is the registration page,signup
How to sign up as an NGO partner?,signup
How to sign up as an NGO partner,signup
What details are needed to create account?,signup
What details are needed to create account,signup
Why does registration say email already registered?,signup
Why does registration say email already registered,signup
How to register as a delivery volunteer?,signup
How to register as a delivery volunteer,signup
Where is the Create Account button?,signup
Where is the Create Account button,signup
How to select my user role on registration form?,signup
How to select my user role on registration form,signup
Why does signup ask for email verification?,signup
Why does signup ask for email verification,signup
How to enter address during account setup?,signup
How to enter address during account setup,signup
Where do I click to register a new account?,signup
Where do I click to register a new account,signup
Why does signup fail when passwords do not match?,signup
Why does signup fail when passwords do not match,signup
How to fill out the user registration form?,signup
How to fill out the user registration form,signup
What is required to sign up on FoodReach?,signup
What is required to sign up on FoodReach,signup
How to create an account on mobile app?,signup
How to create an account on mobile app,signup
Why did I receive a verification link after signup?,signup
Why did I receive a verification link after signup,signup
Where to enter phone number during signup?,signup
Where to enter phone number during signup,signup
How to register for food sharing network?,signup
How to register for food sharing network,signup
Why is signup button disabled on form?,signup
Why is signup button disabled on form,signup
How to complete user signup process?,signup
How to complete user signup process,signup
Where to find the new user registration link?,signup
Where to find the new user registration link,signup
How to sign up as a hotel food donor?,signup
How to sign up as a hotel food donor,signup
Why does registration require location coordinates?,signup
Why does registration require location coordinates,signup
How to fix error during account creation?,signup
How to fix error during account creation,signup
Where to submit user signup form?,signup
Where to submit user signup form,signup
I forgot my password,forgot_password
How to reset password?,forgot_password
How to reset password,forgot_password
Password recovery process,forgot_password
Where is the forgot password link?,forgot_password
Where is the forgot password link,forgot_password
How to recover lost account password?,forgot_password
How to recover lost account password,forgot_password
What to do if I cannot remember my password?,forgot_password
What to do if I cannot remember my password,forgot_password
How to receive password reset email?,forgot_password
How to receive password reset email,forgot_password
How long is password reset link valid?,forgot_password
How long is password reset link valid,forgot_password
Why did I not receive the password reset email?,forgot_password
Why did I not receive the password reset email,forgot_password
How to set a new password for my account?,forgot_password
How to set a new password for my account,forgot_password
Can I reset password using phone number or SMS?,forgot_password
Can I reset password using phone number or SMS,forgot_password
What to do if password reset link expired?,forgot_password
What to do if password reset link expired,forgot_password
How to change password from security settings?,forgot_password
How to change password from security settings,forgot_password
Where do I type current password to update new password?,forgot_password
Where do I type current password to update new password,forgot_password
Why does password update say New password must be at least 6 characters?,forgot_password
Why does password update say New password must be at least 6 characters,forgot_password
How to unlock account after forgetting password?,forgot_password
How to unlock account after forgetting password,forgot_password
Who can help me reset my admin password?,forgot_password
Who can help me reset my admin password,forgot_password
Is password reset instant?,forgot_password
Is password reset instant,forgot_password
How to check spam folder for reset email?,forgot_password
How to check spam folder for reset email,forgot_password
What to do if I no longer have access to my registered email?,forgot_password
What to do if I no longer have access to my registered email,forgot_password
Can admin reset user password manually?,forgot_password
Can admin reset user password manually,forgot_password
How to confirm new password during reset?,forgot_password
How to confirm new password during reset,forgot_password
Why does password reset link show invalid token?,forgot_password
Why does password reset link show invalid token,forgot_password
Where is the Reset Password button on login page?,forgot_password
Where is the Reset Password button on login page,forgot_password
How to secure account after resetting password?,forgot_password
How to secure account after resetting password,forgot_password
Why does reset email take time to arrive?,forgot_password
Why does reset email take time to arrive,forgot_password
Can I request multiple password reset emails?,forgot_password
Can I request multiple password reset emails,forgot_password
What happens to my active sessions when I reset password?,forgot_password
What happens to my active sessions when I reset password,forgot_password
How to update password inside NGO profile modal?,forgot_password
How to update password inside NGO profile modal,forgot_password
How to update password inside Admin control panel?,forgot_password
How to update password inside Admin control panel,forgot_password
What is the minimum character requirement for new password?,forgot_password
What is the minimum character requirement for new password,forgot_password
Can I reuse my old password when resetting?,forgot_password
Can I reuse my old password when resetting,forgot_password
Why does password confirmation fail?,forgot_password
Why does password confirmation fail,forgot_password
How to request password reset assistance from support?,forgot_password
How to request password reset assistance from support,forgot_password
What to do if password reset page throws error?,forgot_password
What to do if password reset page throws error,forgot_password
Does password reset log me out on all devices?,forgot_password
Does password reset log me out on all devices,forgot_password
How to verify email identity for password recovery?,forgot_password
How to verify email identity for password recovery,forgot_password
Where to enter OTP for password reset?,forgot_password
Where to enter OTP for password reset,forgot_password
Can I reset password without logging in?,forgot_password
Can I reset password without logging in,forgot_password
How to change password when already signed in?,forgot_password
How to change password when already signed in,forgot_password
Why is my new password rejected?,forgot_password
Why is my new password rejected,forgot_password
How to fix password reset loop?,forgot_password
How to fix password reset loop,forgot_password
What security questions are asked during password recovery?,forgot_password
What security questions are asked during password recovery,forgot_password
How to handle forgotten password on mobile app?,forgot_password
How to handle forgotten password on mobile app,forgot_password
Why does reset link redirect to login screen?,forgot_password
Why does reset link redirect to login screen,forgot_password
How to update credentials safely?,forgot_password
How to update credentials safely,forgot_password
What to do if someone else requested password reset for my account?,forgot_password
What to do if someone else requested password reset for my account,forgot_password
How to create a strong new password?,forgot_password
How to create a strong new password,forgot_password
Where to click if I forgot my login credentials?,forgot_password
Where to click if I forgot my login credentials,forgot_password
Can volunteers reset password directly in app?,forgot_password
Can volunteers reset password directly in app,forgot_password
How to troubleshoot password recovery steps?,forgot_password
How to troubleshoot password recovery steps,forgot_password
Why does password reset fail on slow connection?,forgot_password
Why does password reset fail on slow connection,forgot_password
How to regain access to FoodReach account?,forgot_password
How to regain access to FoodReach account,forgot_password
Who to contact for urgent password reset support?,forgot_password
Who to contact for urgent password reset support,forgot_password
I cannot remember my login password,forgot_password
How to recover my lost password?,forgot_password
How to recover my lost password,forgot_password
Where is the forgot password option on login screen?,forgot_password
Where is the forgot password option on login screen,forgot_password
How to request a new password link?,forgot_password
How to request a new password link,forgot_password
Why did password reset email not arrive?,forgot_password
Why did password reset email not arrive,forgot_password
How to reset password with email address?,forgot_password
How to reset password with email address,forgot_password
What to do if I lost my account password?,forgot_password
What to do if I lost my account password,forgot_password
How to change my password if forgotten?,forgot_password
How to change my password if forgotten,forgot_password
Where do I type email to reset password?,forgot_password
Where do I type email to reset password,forgot_password
Why does password reset link show error?,forgot_password
Why does password reset link show error,forgot_password
How to set up a new password for sign in?,forgot_password
How to set up a new password for sign in,forgot_password
Where to find password recovery form?,forgot_password
Where to find password recovery form,forgot_password
How to unlock my account after password loss?,forgot_password
How to unlock my account after password loss,forgot_password
What happens when I click Forgot Password?,forgot_password
What happens when I click Forgot Password,forgot_password
How to fix expired password reset token?,forgot_password
How to fix expired password reset token,forgot_password
Where is the password reset link sent?,forgot_password
Where is the password reset link sent,forgot_password
How to recover account credentials easily?,forgot_password
How to recover account credentials easily,forgot_password
Why is password reset button not working?,forgot_password
Why is password reset button not working,forgot_password
How to change forgotten password on phone?,forgot_password
How to change forgotten password on phone,forgot_password
Where to click to send reset password email?,forgot_password
Where to click to send reset password email,forgot_password
How to regain login access without password?,forgot_password
How to regain login access without password,forgot_password
Why did I not get the password reset link?,forgot_password
Why did I not get the password reset link,forgot_password
How to reset my password step by step?,forgot_password
How to reset my password step by step,forgot_password
How to track my food donation status?,donation_status
How to track my food donation status,donation_status
Where to see donation status?,donation_status
Where to see donation status,donation_status
What does status Pending mean?,donation_status
What does status Pending mean,donation_status
What does status Accepted mean?,donation_status
What does status Accepted mean,donation_status
What does status Pickup Started mean?,donation_status
What does status Pickup Started mean,donation_status
What does status Assigned mean?,donation_status
What does status Assigned mean,donation_status
What does status Picked Up mean?,donation_status
What does status Picked Up mean,donation_status
What does status Delivered mean?,donation_status
What does status Delivered mean,donation_status
What does status Completed mean?,donation_status
What does status Completed mean,donation_status
What does status Cancelled mean?,donation_status
What does status Cancelled mean,donation_status
How to check if an NGO claimed my food?,donation_status
How to check if an NGO claimed my food,donation_status
Where can I see if an NGO has claimed my food listing?,donation_status
Where can I see if an NGO has claimed my food listing,donation_status
How to check if an NGO accepted my food donation?,donation_status
How to check if an NGO accepted my food donation,donation_status
Where to see if my donation was claimed by a charity?,donation_status
Where to see if my donation was claimed by a charity,donation_status
How to see which volunteer is assigned to my donation?,donation_status
How to see which volunteer is assigned to my donation,donation_status
Where is the donation progress tracker bar?,donation_status
Where is the donation progress tracker bar,donation_status
How to view donation history and status timeline?,donation_status
How to view donation history and status timeline,donation_status
Why is my food donation still Pending?,donation_status
Why is my food donation still Pending,donation_status
How long before an NGO accepts a donation?,donation_status
How long before an NGO accepts a donation,donation_status
Can I track food delivery live on the map?,donation_status
Can I track food delivery live on the map,donation_status
How to check real-time GPS location of delivery driver?,donation_status
How to check real-time GPS location of delivery driver,donation_status
Where to view QR code for donation pickup verification?,donation_status
Where to view QR code for donation pickup verification,donation_status
How to check completed donations count?,donation_status
How to check completed donations count,donation_status
Why did my food donation get cancelled?,donation_status
Why did my food donation get cancelled,donation_status
How to view donation details by ID?,donation_status
How to view donation details by ID,donation_status
Where to find active claims status list?,donation_status
Where to find active claims status list,donation_status
How do NGOs update donation status from Accepted to Picked Up?,donation_status
How do NGOs update donation status from Accepted to Picked Up,donation_status
How to mark a food donation as Completed?,donation_status
How to mark a food donation as Completed,donation_status
Can donors see when food reaches the shelter?,donation_status
Can donors see when food reaches the shelter,donation_status
Why does donation status say In Transit?,donation_status
Why does donation status say In Transit,donation_status
How to refresh status on donation tracking screen?,donation_status
How to refresh status on donation tracking screen,donation_status
Where to view donation status badges?,donation_status
Where to view donation status badges,donation_status
How to check if volunteer has started pickup route?,donation_status
How to check if volunteer has started pickup route,donation_status
Why does status show Awaiting Volunteer?,donation_status
Why does status show Awaiting Volunteer,donation_status
Can I filter donations by status on dashboard?,donation_status
Can I filter donations by status on dashboard,donation_status
Where to see status of claimed items in NGO panel?,donation_status
Where to see status of claimed items in NGO panel,donation_status
How to check food delivery confirmation timestamp?,donation_status
How to check food delivery confirmation timestamp,donation_status
What happens when donation status changes to Delivered?,donation_status
What happens when donation status changes to Delivered,donation_status
Why is live tracking status showing Inactive?,donation_status
Why is live tracking status showing Inactive,donation_status
How to verify pickup with QR code scan?,donation_status
How to verify pickup with QR code scan,donation_status
Where to see driver last updated timestamp?,donation_status
Where to see driver last updated timestamp,donation_status
Can admin change donation status manually?,donation_status
Can admin change donation status manually,donation_status
How to check total weight of completed donations?,donation_status
How to check total weight of completed donations,donation_status
Why does status show Needs Quick Consumption?,donation_status
Why does status show Needs Quick Consumption,donation_status
Where to find donation status logs in admin console?,donation_status
Where to find donation status logs in admin console,donation_status
How to get push notifications when donation status updates?,donation_status
How to get push notifications when donation status updates,donation_status
Can I check donation status without logging in?,donation_status
Can I check donation status without logging in,donation_status
How to see status of recurring food donations?,donation_status
How to see status of recurring food donations,donation_status
Why is status not updating in real time?,donation_status
Why is status not updating in real time,donation_status
How to view donor and NGO names on donation card?,donation_status
How to view donor and NGO names on donation card,donation_status
What is the lifecycle flow of a food donation?,donation_status
What is the lifecycle flow of a food donation,donation_status
Where to find donation status legend?,donation_status
Where to find donation status legend,donation_status
How to export donation status report?,donation_status
How to export donation status report,donation_status
Why did donation status change automatically?,donation_status
Why did donation status change automatically,donation_status
How to check if food was delivered safely?,donation_status
How to check if food was delivered safely,donation_status
Where is the track donation screen located?,donation_status
Where is the track donation screen located,donation_status
How to confirm food status with volunteer driver?,donation_status
How to confirm food status with volunteer driver,donation_status
Where can I check donation status?,donation_status
Where can I check donation status,donation_status
How to see if my donation was accepted?,donation_status
How to see if my donation was accepted,donation_status
What is the current status of my food listing?,donation_status
What is the current status of my food listing,donation_status
How to track live location of pickup driver?,donation_status
How to track live location of pickup driver,donation_status
Why is donation status showing Pending?,donation_status
Why is donation status showing Pending,donation_status
How to know when food has been delivered?,donation_status
How to know when food has been delivered,donation_status
Where to view active donation claims status?,donation_status
Where to view active donation claims status,donation_status
How to check which NGO claimed my food?,donation_status
How to check which NGO claimed my food,donation_status
What does status Picked Up mean on card?,donation_status
What does status Picked Up mean on card,donation_status
How to check completed donation history?,donation_status
How to check completed donation history,donation_status
Where is the live GPS donation tracker?,donation_status
Where is the live GPS donation tracker,donation_status
How to verify if food arrived at shelter?,donation_status
How to verify if food arrived at shelter,donation_status
Why is my donation status not updating?,donation_status
Why is my donation status not updating,donation_status
Where to check volunteer assignment status?,donation_status
Where to check volunteer assignment status,donation_status
How to see donation progress timeline?,donation_status
How to see donation progress timeline,donation_status
What does donation status Cancelled mean?,donation_status
What does donation status Cancelled mean,donation_status
Where to view donation status on dashboard?,donation_status
Where to view donation status on dashboard,donation_status
How to track food delivery in real time?,donation_status
How to track food delivery in real time,donation_status
Where to check if food pickup was completed?,donation_status
Where to check if food pickup was completed,donation_status
How to filter active donation status lists?,donation_status
How to filter active donation status lists,donation_status
Where is the Track Donation button?,donation_status
Where is the Track Donation button,donation_status
How do I track my donation status?,donation_status
How do I track my donation status,donation_status
How does food pickup work?,pickup_process
How does food pickup work,pickup_process
Explain the pickup process,pickup_process
Who picks up the donated food?,pickup_process
Who picks up the donated food,pickup_process
How to schedule a pickup time?,pickup_process
How to schedule a pickup time,pickup_process
What happens during food pickup?,pickup_process
What happens during food pickup,pickup_process
What happens when the volunteer arrives for food handover?,pickup_process
What happens when the volunteer arrives for food handover,pickup_process
How is food handed over to the volunteer during pickup?,pickup_process
How is food handed over to the volunteer during pickup,pickup_process
What is the process when driver arrives for food collection?,pickup_process
What is the process when driver arrives for food collection,pickup_process
Do volunteers come to donor address for pickup?,pickup_process
Do volunteers come to donor address for pickup,pickup_process
How to share pickup address coordinates?,pickup_process
How to share pickup address coordinates,pickup_process
Can NGO staff pick up food directly?,pickup_process
Can NGO staff pick up food directly,pickup_process
How to start pickup route in app?,pickup_process
How to start pickup route in app,pickup_process
What is the QR code verification during pickup?,pickup_process
What is the QR code verification during pickup,pickup_process
How does volunteer scan QR code at donor location?,pickup_process
How does volunteer scan QR code at donor location,pickup_process
How to open Google Maps navigation for pickup?,pickup_process
How to open Google Maps navigation for pickup,pickup_process
What to do when pickup driver arrives?,pickup_process
What to do when pickup driver arrives,pickup_process
How to contact driver during pickup?,pickup_process
How to contact driver during pickup,pickup_process
Can pickup be scheduled for a later time?,pickup_process
Can pickup be scheduled for a later time,pickup_process
What containers are needed for food pickup?,pickup_process
What containers are needed for food pickup,pickup_process
How long does pickup take after donation is accepted?,pickup_process
How long does pickup take after donation is accepted,pickup_process
What if donor is not available at pickup time?,pickup_process
What if donor is not available at pickup time,pickup_process
Can donor deliver food directly to NGO instead of pickup?,pickup_process
Can donor deliver food directly to NGO instead of pickup,pickup_process
How to update pickup address details?,pickup_process
How to update pickup address details,pickup_process
What if pickup location has poor road access?,pickup_process
What if pickup location has poor road access,pickup_process
How does live GPS tracking activate during pickup?,pickup_process
How does live GPS tracking activate during pickup,pickup_process
Is pickup service free for donors?,pickup_process
Is pickup service free for donors,pickup_process
How to mark food as Picked Up in app?,pickup_process
How to mark food as Picked Up in app,pickup_process
What happens if food gets spoiled before pickup?,pickup_process
What happens if food gets spoiled before pickup,pickup_process
How to handle large quantity food pickups requiring heavy vehicle?,pickup_process
How to handle large quantity food pickups requiring heavy vehicle,pickup_process
What safety protocols are followed during pickup?,pickup_process
What safety protocols are followed during pickup,pickup_process
Can donor request urgent immediate pickup?,pickup_process
Can donor request urgent immediate pickup,pickup_process
How to check volunteer driver contact details before pickup?,pickup_process
How to check volunteer driver contact details before pickup,pickup_process
What to do if pickup driver is delayed?,pickup_process
What to do if pickup driver is delayed,pickup_process
How to cancel a scheduled pickup?,pickup_process
How to cancel a scheduled pickup,pickup_process
Does volunteer inspect food quality during pickup?,pickup_process
Does volunteer inspect food quality during pickup,pickup_process
How to confirm pickup handover to volunteer?,pickup_process
How to confirm pickup handover to volunteer,pickup_process
Can multiple pickups be combined in one route?,pickup_process
Can multiple pickups be combined in one route,pickup_process
Where to view pickup status updates?,pickup_process
Where to view pickup status updates,pickup_process
What is the estimated pickup arrival time?,pickup_process
What is the estimated pickup arrival time,pickup_process
How to enable location permissions for pickup tracking?,pickup_process
How to enable location permissions for pickup tracking,pickup_process
Can pickup happen during night hours?,pickup_process
Can pickup happen during night hours,pickup_process
What instructions should donor provide for smooth pickup?,pickup_process
What instructions should donor provide for smooth pickup,pickup_process
How to report a failed pickup attempt?,pickup_process
How to report a failed pickup attempt,pickup_process
Where to find pickup route map?,pickup_process
Where to find pickup route map,pickup_process
Who covers fuel costs for pickup delivery?,pickup_process
Who covers fuel costs for pickup delivery,pickup_process
How do NGOs assign specific drivers for pickup?,pickup_process
How do NGOs assign specific drivers for pickup,pickup_process
What to do if pickup address changes?,pickup_process
What to do if pickup address changes,pickup_process
Can donor leave food at gate for pickup?,pickup_process
Can donor leave food at gate for pickup,pickup_process
How to track vehicle movement during pickup?,pickup_process
How to track vehicle movement during pickup,pickup_process
Is contactless pickup available?,pickup_process
Is contactless pickup available,pickup_process
What to do after food is loaded into pickup vehicle?,pickup_process
What to do after food is loaded into pickup vehicle,pickup_process
How to verify volunteer identity at pickup?,pickup_process
How to verify volunteer identity at pickup,pickup_process
What is the pickup completion step?,pickup_process
What is the pickup completion step,pickup_process
How to troubleshoot pickup GPS errors?,pickup_process
How to troubleshoot pickup GPS errors,pickup_process
Where to get help with pickup coordination?,pickup_process
Where to get help with pickup coordination,pickup_process
Why is pickup taking longer than expected?,pickup_process
Why is pickup taking longer than expected,pickup_process
How to rate pickup experience?,pickup_process
How to rate pickup experience,pickup_process
Who comes to collect the donated food?,pickup_process
Who comes to collect the donated food,pickup_process
How to navigate to pickup location?,pickup_process
How to navigate to pickup location,pickup_process
What steps are involved in food collection?,pickup_process
What steps are involved in food collection,pickup_process
How to share pickup instructions with driver?,pickup_process
How to share pickup instructions with driver,pickup_process
Where to verify driver arrival for pickup?,pickup_process
Where to verify driver arrival for pickup,pickup_process
How to confirm food handover at pickup?,pickup_process
How to confirm food handover at pickup,pickup_process
What to do if driver is late for pickup?,pickup_process
What to do if driver is late for pickup,pickup_process
How to check pickup address on map?,pickup_process
How to check pickup address on map,pickup_process
Where to click Start Pickup on mobile?,pickup_process
Where to click Start Pickup on mobile,pickup_process
How to schedule food pickup window?,pickup_process
How to schedule food pickup window,pickup_process
What containers should be ready for pickup?,pickup_process
What containers should be ready for pickup,pickup_process
Where to track pickup driver live location?,pickup_process
Where to track pickup driver live location,pickup_process
How to contact volunteer during pickup?,pickup_process
How to contact volunteer during pickup,pickup_process
What if donor address is incorrect for pickup?,pickup_process
What if donor address is incorrect for pickup,pickup_process
How to mark pickup completed in app?,pickup_process
How to mark pickup completed in app,pickup_process
Can pickup driver call donor before arrival?,pickup_process
Can pickup driver call donor before arrival,pickup_process
What happens during food handover at pickup?,pickup_process
What happens during food handover at pickup,pickup_process
Where to view estimated pickup time?,pickup_process
Where to view estimated pickup time,pickup_process
How to cancel a pickup request?,pickup_process
How to cancel a pickup request,pickup_process
How do notifications work?,notifications
How do notifications work,notifications
Where can I see my notifications?,notifications
Where can I see my notifications,notifications
Why am I not receiving notification alerts?,notifications
Why am I not receiving notification alerts,notifications
How to enable push notifications for FoodReach?,notifications
How to enable push notifications for FoodReach,notifications
Where is the notification bell icon?,notifications
Where is the notification bell icon,notifications
What alerts do donors receive?,notifications
What alerts do donors receive,notifications
What alerts do NGOs receive?,notifications
What alerts do NGOs receive,notifications
What alerts do volunteers receive?,notifications
What alerts do volunteers receive,notifications
How to mark notifications as read?,notifications
How to mark notifications as read,notifications
How to mark all notifications as read?,notifications
How to mark all notifications as read,notifications
Where is the Notification Center screen?,notifications
Where is the Notification Center screen,notifications
How to view unread notification count badge?,notifications
How to view unread notification count badge,notifications
Does FoodReach send real-time Firebase alerts?,notifications
Does FoodReach send real-time Firebase alerts,notifications
How to clear old notification history?,notifications
How to clear old notification history,notifications
Why do I get notifications for nearby donations?,notifications
Why do I get notifications for nearby donations,notifications
How to filter notifications by read and unread?,notifications
How to filter notifications by read and unread,notifications
Can I turn off email notifications?,notifications
Can I turn off email notifications,notifications
How to configure notification sound and vibration?,notifications
How to configure notification sound and vibration,notifications
Why did I get a notification for donation accepted?,notifications
Why did I get a notification for donation accepted,notifications
Do volunteers get notified when new pickup is assigned?,notifications
Do volunteers get notified when new pickup is assigned,notifications
How do NGOs get notified when food is listed nearby?,notifications
How do NGOs get notified when food is listed nearby,notifications
Why am I getting notifications for system logs?,notifications
Why am I getting notifications for system logs,notifications
How to check notification timestamp?,notifications
How to check notification timestamp,notifications
Where to see admin notifications console?,notifications
Where to see admin notifications console,notifications
Can I click a notification to open the donation screen?,notifications
Can I click a notification to open the donation screen,notifications
Why are notifications delayed on mobile?,notifications
Why are notifications delayed on mobile,notifications
How to subscribe to realtime notification topics?,notifications
How to subscribe to realtime notification topics,notifications
What does notification red badge mean?,notifications
What does notification red badge mean,notifications
How to troubleshoot missing push notifications on Android?,notifications
How to troubleshoot missing push notifications on Android,notifications
How to troubleshoot missing push notifications on iOS?,notifications
How to troubleshoot missing push notifications on iOS,notifications
Can I receive SMS notifications instead of push?,notifications
Can I receive SMS notifications instead of push,notifications
Where to view notification message details?,notifications
Where to view notification message details,notifications
How to test notification alerts?,notifications
How to test notification alerts,notifications
Why do I get food safety warning notifications?,notifications
Why do I get food safety warning notifications,notifications
How to disable marketing or promotional notifications?,notifications
How to disable marketing or promotional notifications,notifications
Where are donor registration notification logs saved?,notifications
Where are donor registration notification logs saved,notifications
Can I view notifications when offline?,notifications
Can I view notifications when offline,notifications
How to restore cleared notification messages?,notifications
How to restore cleared notification messages,notifications
Why is notification bell showing 99+?,notifications
Why is notification bell showing 99+,notifications
How often are realtime notifications refreshed?,notifications
How often are realtime notifications refreshed,notifications
Where to manage notification preferences in settings?,notifications
Where to manage notification preferences in settings,notifications
Why did I receive a duplicate notification?,notifications
Why did I receive a duplicate notification,notifications
How do volunteers get arrival alert notifications?,notifications
How do volunteers get arrival alert notifications,notifications
What happens when I tap on a notification card?,notifications
What happens when I tap on a notification card,notifications
How to check notification permissions in phone settings?,notifications
How to check notification permissions in phone settings,notifications
Where to find real-time alerts in admin panel?,notifications
Where to find real-time alerts in admin panel,notifications
Can notifications be exported to file?,notifications
Can notifications be exported to file,notifications
Why is my notification center empty?,notifications
Why is my notification center empty,notifications
How to get instant alerts when NGO accepts my food?,notifications
How to get instant alerts when NGO accepts my food,notifications
What type of notifications does FoodReach send?,notifications
What type of notifications does FoodReach send,notifications
How to turn on sound for urgent delivery alerts?,notifications
How to turn on sound for urgent delivery alerts,notifications
Where to see notification history log?,notifications
Where to see notification history log,notifications
How to clear unread badge counter?,notifications
How to clear unread badge counter,notifications
Who receives new user registration alerts?,notifications
Who receives new user registration alerts,notifications
Where is the notification center in app?,notifications
Where is the notification center in app,notifications
How to check unread notification count?,notifications
How to check unread notification count,notifications
Why am I not getting push notifications?,notifications
Why am I not getting push notifications,notifications
Where is the bell icon for alerts?,notifications
Where is the bell icon for alerts,notifications
How to turn on push notifications on phone?,notifications
How to turn on push notifications on phone,notifications
Where to view active alerts in app?,notifications
Where to view active alerts in app,notifications
How to clear old notification list?,notifications
How to clear old notification list,notifications
Why did I get an alert for food claim?,notifications
Why did I get an alert for food claim,notifications
Where to find delivery notifications?,notifications
Where to find delivery notifications,notifications
How to enable sound for app alerts?,notifications
How to enable sound for app alerts,notifications
Where to see unread badge counter?,notifications
Where to see unread badge counter,notifications
Why are notifications not displaying?,notifications
Why are notifications not displaying,notifications
How to check message alerts on dashboard?,notifications
How to check message alerts on dashboard,notifications
How do I edit my profile?,profile
How do I edit my profile,profile
How do I update my profile?,profile
How do I update my profile,profile
Where is my profile screen?,profile
Where is my profile screen,profile
How to edit full name and phone number?,profile
How to edit full name and phone number,profile
How to change profile photo or avatar?,profile
How to change profile photo or avatar,profile
How to update operating address in profile?,profile
How to update operating address in profile,profile
Where to view my account role and details?,profile
Where to view my account role and details,profile
How to edit NGO organization bio?,profile
How to edit NGO organization bio,profile
How to update NGO bio description in settings?,profile
How to update NGO bio description in settings,profile
Where to change NGO description and bio?,profile
Where to change NGO description and bio,profile
How to edit my organization bio in profile?,profile
How to edit my organization bio in profile,profile
How to view date joined on profile?,profile
How to view date joined on profile,profile
Can I change my registered email address in profile?,profile
Can I change my registered email address in profile,profile
How to update NGO serving capacity in profile?,profile
How to update NGO serving capacity in profile,profile
How to set target food category preferences in profile?,profile
How to set target food category preferences in profile,profile
Where is the Edit Profile button?,profile
Where is the Edit Profile button,profile
How to save profile changes?,profile
How to save profile changes,profile
Why does profile save fail when name is empty?,profile
Why does profile save fail when name is empty,profile
How to view volunteer impact score on profile?,profile
How to view volunteer impact score on profile,profile
Where to check profile active status?,profile
Where to check profile active status,profile
Can I view other user profiles in directory?,profile
Can I view other user profiles in directory,profile
How to update profile GPS coordinates on map?,profile
How to update profile GPS coordinates on map,profile
Where is Administrator Profile Control modal?,profile
Where is Administrator Profile Control modal,profile
How to add bio or description to my profile?,profile
How to add bio or description to my profile,profile
Why is email read-only in profile settings?,profile
Why is email read-only in profile settings,profile
Why is account role read-only in profile settings?,profile
Why is account role read-only in profile settings,profile
How to upload picture URL for profile avatar?,profile
How to upload picture URL for profile avatar,profile
Where to view profile initials icon?,profile
Where to view profile initials icon,profile
How to check if profile is verified?,profile
How to check if profile is verified,profile
What happens if profile phone number is invalid?,profile
What happens if profile phone number is invalid,profile
How to update profile information on mobile app?,profile
How to update profile information on mobile app,profile
Where is profile icon located in header bar?,profile
Where is profile icon located in header bar,profile
Can I delete my profile account?,profile
Can I delete my profile account,profile
How to see total completed donations on donor profile?,profile
How to see total completed donations on donor profile,profile
How to see total completed pickups on volunteer profile?,profile
How to see total completed pickups on volunteer profile,profile
Where to check profile suspension status?,profile
Where to check profile suspension status,profile
How to fix profile loading error?,profile
How to fix profile loading error,profile
Can I make my profile private?,profile
Can I make my profile private,profile
How to change language in profile settings?,profile
How to change language in profile settings,profile
Where to find profile security settings?,profile
Where to find profile security settings,profile
How to cancel editing profile without saving?,profile
How to cancel editing profile without saving,profile
Why does profile show Not Provided for empty fields?,profile
Why does profile show Not Provided for empty fields,profile
How to sync profile changes with Supabase database?,profile
How to sync profile changes with Supabase database,profile
Where to view NGO profile in public directory?,profile
Where to view NGO profile in public directory,profile
How to update profile contact details?,profile
How to update profile contact details,profile
Why is profile picture not displaying?,profile
Why is profile picture not displaying,profile
How to view member profile card in admin panel?,profile
How to view member profile card in admin panel,profile
Can I export my profile data?,profile
Can I export my profile data,profile
Where to see account creation date in profile?,profile
Where to see account creation date in profile,profile
How to reset profile to default values?,profile
How to reset profile to default values,profile
What details are visible on public profile?,profile
What details are visible on public profile,profile
How to update donor organization name in profile?,profile
How to update donor organization name in profile,profile
Where is the profile hamburger menu?,profile
Where is the profile hamburger menu,profile
How to verify profile contact number?,profile
How to verify profile contact number,profile
Why does profile say Account Active?,profile
Why does profile say Account Active,profile
How to manage multi-role profile settings?,profile
How to manage multi-role profile settings,profile
Where to find profile help section?,profile
Where to find profile help section,profile
How to update user profile avatar frame?,profile
How to update user profile avatar frame,profile
Where do I edit my user profile?,profile
Where do I edit my user profile,profile
How to change my name in profile?,profile
How to change my name in profile,profile
Where to update phone number in account?,profile
Where to update phone number in account,profile
How to upload new profile avatar picture?,profile
How to upload new profile avatar picture,profile
Where to check account role on profile?,profile
Where to check account role on profile,profile
How to change address in profile settings?,profile
How to change address in profile settings,profile
Where to edit NGO bio and details?,profile
Where to edit NGO bio and details,profile
How to save updated profile information?,profile
How to save updated profile information,profile
Where is the Profile icon in menu?,profile
Where is the Profile icon in menu,profile
How to check volunteer impact score in profile?,profile
How to check volunteer impact score in profile,profile
Where to see joined date on my profile?,profile
Where to see joined date on my profile,profile
How to update GPS coordinates on profile map?,profile
How to update GPS coordinates on profile map,profile
Where to find account settings on profile?,profile
Where to find account settings on profile,profile
How do I contact support?,contact_support
How do I contact support,contact_support
Customer support details,contact_support
Help desk and contact number,contact_support
How to reach FoodReach support team?,contact_support
How to reach FoodReach support team,contact_support
What is the support email address?,contact_support
What is the support email address,contact_support
Where to report a technical bug or app issue?,contact_support
Where to report a technical bug or app issue,contact_support
How to get help with a failed donation?,contact_support
How to get help with a failed donation,contact_support
Who to contact if food pickup fails?,contact_support
Who to contact if food pickup fails,contact_support
Is there a customer helpline number?,contact_support
Is there a customer helpline number,contact_support
How to submit a support ticket?,contact_support
How to submit a support ticket,contact_support
Where to find FoodReach support in the app?,contact_support
Where to find FoodReach support in the app,contact_support
How to contact support for urgent safety issues?,contact_support
How to contact support for urgent safety issues,contact_support
What are support working hours?,contact_support
What are support working hours,contact_support
How to report a abusive user or fake listing?,contact_support
How to report a abusive user or fake listing,contact_support
Where to send feedback or feature suggestions?,contact_support
Where to send feedback or feature suggestions,contact_support
How to contact admin team directly?,contact_support
How to contact admin team directly,contact_support
What to do if app crashes during use?,contact_support
What to do if app crashes during use,contact_support
How to report incorrect NGO location on map?,contact_support
How to report incorrect NGO location on map,contact_support
Who to contact for account suspension appeal?,contact_support
Who to contact for account suspension appeal,contact_support
Is 24/7 emergency support available?,contact_support
Is 24/7 emergency support available,contact_support
How to reach donor assistance helpline?,contact_support
How to reach donor assistance helpline,contact_support
How to contact volunteer coordinator?,contact_support
How to contact volunteer coordinator,contact_support
Where to find FAQ and help documentation?,contact_support
Where to find FAQ and help documentation,contact_support
How to report payment or billing inquiry?,contact_support
How to report payment or billing inquiry,contact_support
What is FoodReach support phone number?,contact_support
What is FoodReach support phone number,contact_support
How fast does support team respond?,contact_support
How fast does support team respond,contact_support
Where to report data privacy concerns?,contact_support
Where to report data privacy concerns,contact_support
How to contact press or media relations?,contact_support
How to contact press or media relations,contact_support
Who to notify if donor is unresponsive?,contact_support
Who to notify if donor is unresponsive,contact_support
Who to notify if volunteer does not show up?,contact_support
Who to notify if volunteer does not show up,contact_support
How to get live chat support?,contact_support
How to get live chat support,contact_support
Where is the Contact Us page located?,contact_support
Where is the Contact Us page located,contact_support
How to file a complaint about food quality?,contact_support
How to file a complaint about food quality,contact_support
Who manages FoodReach community support?,contact_support
Who manages FoodReach community support,contact_support
How to request technical assistance with map integration?,contact_support
How to request technical assistance with map integration,contact_support
Where to report broken links or UI glitches?,contact_support
Where to report broken links or UI glitches,contact_support
How to contact FoodReach corporate headquarters?,contact_support
How to contact FoodReach corporate headquarters,contact_support
What to do if email verification support is needed?,contact_support
What to do if email verification support is needed,contact_support
How to get help with NGO verification documents?,contact_support
How to get help with NGO verification documents,contact_support
Where to email support for bug reports?,contact_support
Where to email support for bug reports,contact_support
How to contact platform administrator?,contact_support
How to contact platform administrator,contact_support
What info should I include when contacting support?,contact_support
What info should I include when contacting support,contact_support
How to check status of my support ticket?,contact_support
How to check status of my support ticket,contact_support
Where to find community discussion forum?,contact_support
Where to find community discussion forum,contact_support
How to report location routing errors?,contact_support
How to report location routing errors,contact_support
Who to contact for partnership inquiries?,contact_support
Who to contact for partnership inquiries,contact_support
How to reach customer care on WhatsApp?,contact_support
How to reach customer care on WhatsApp,contact_support
Where is the support widget in app footer?,contact_support
Where is the support widget in app footer,contact_support
How to get assistance with login problems?,contact_support
How to get assistance with login problems,contact_support
Who can help me edit submitted donation?,contact_support
Who can help me edit submitted donation,contact_support
How to report security vulnerabilities?,contact_support
How to report security vulnerabilities,contact_support
Where to find official support contact links?,contact_support
Where to find official support contact links,contact_support
How to get instant resolution for delivery dispute?,contact_support
How to get instant resolution for delivery dispute,contact_support
Who to contact if food recipient shelter has closed?,contact_support
Who to contact if food recipient shelter has closed,contact_support
Where to find customer support number?,contact_support
Where to find customer support number,contact_support
How to email FoodReach help desk?,contact_support
How to email FoodReach help desk,contact_support
Where to report app technical glitches?,contact_support
Where to report app technical glitches,contact_support
Who to call for urgent support?,contact_support
Who to call for urgent support,contact_support
How to submit feedback to support team?,contact_support
How to submit feedback to support team,contact_support
Where to find support contact page?,contact_support
Where to find support contact page,contact_support
How to get help with account issues?,contact_support
How to get help with account issues,contact_support
Who to contact for app assistance?,contact_support
Who to contact for app assistance,contact_support
Where is the help desk link in app?,contact_support
Where is the help desk link in app,contact_support
How to contact customer care team?,contact_support
How to contact customer care team,contact_support
Hello,general_greeting
Hi,general_greeting
Hey,general_greeting
Good morning,general_greeting
Good afternoon,general_greeting
Good evening,general_greeting
Greetings,general_greeting
Hi there,general_greeting
Hello FoodReach AI,general_greeting
Hey assistant,general_greeting
Hi bot,general_greeting
Hello there,general_greeting
Hey FoodReach,general_greeting
Hi AI,general_greeting
Good day,general_greeting
Howdy,general_greeting
Yo,general_greeting
Hola,general_greeting
Hi FoodReach assistant,general_greeting
Hello AI assistant,general_greeting
Hey there friend,general_greeting
Good morning FoodReach,general_greeting
Good evening assistant,general_greeting
Hi buddy,general_greeting
Hello how are you?,general_greeting
Hello how are you,general_greeting
Hey can you help me?,general_greeting
Hey can you help me,general_greeting
Hi how are you doing?,general_greeting
Hi how are you doing,general_greeting
Hello who are you?,general_greeting
Hello who are you,general_greeting
What is your name?,general_greeting
What is your name,general_greeting
Are you FoodReach AI?,general_greeting
Are you FoodReach AI,general_greeting
Hi is anyone there?,general_greeting
Hi is anyone there,general_greeting
Hello chatbot,general_greeting
Hey AI bot,general_greeting
Hi glad to talk to you,general_greeting
Hello welcome,general_greeting
Hey there how can you assist me?,general_greeting
Hey there how can you assist me,general_greeting
Hi start chat,general_greeting
Hello assistant ready?,general_greeting
Hello assistant ready,general_greeting
Hey foodreach bot,general_greeting
Good afternoon FoodReach,general_greeting
Hi friend,general_greeting
Hello system,general_greeting
Hey assistant quick question,general_greeting
Hi there FoodReach AI,general_greeting
Hello nice to meet you,general_greeting
Hey hope you are well,general_greeting
Hi greetings,general_greeting
Hello ready to help?,general_greeting
Hello ready to help,general_greeting
Hey there bot,general_greeting
Hi AI how can you help me today?,general_greeting
Hi AI how can you help me today,general_greeting
Hello FoodReach team bot,general_greeting
Hey good morning,general_greeting
Hi good evening,general_greeting
Hello assistant what can you do?,general_greeting
Hello assistant what can you do,general_greeting
Hi AI assistant,general_greeting
Hey there how are you?,general_greeting
Hey there how are you,general_greeting
Hello FoodReach helper,general_greeting
Hi bot can you assist me?,general_greeting
Hi bot can you assist me,general_greeting
Good morning assistant,general_greeting
Good evening FoodReach team,general_greeting
Hey there AI assistant,general_greeting
Hello chatbot ready?,general_greeting
Hello chatbot ready,general_greeting
Hi there glad to connect,general_greeting
Hey how can you help today?,general_greeting
Hey how can you help today,general_greeting
Hello Assistant glad to meet you,general_greeting
Hi AI what can I ask?,general_greeting
Hi AI what can I ask,general_greeting
Thank you,thanks
Thanks,thanks
Thank you very much,thanks
Thanks a lot,thanks
Thank you FoodReach AI,thanks
Thanks for your help,thanks
Appreciate it,thanks
Many thanks,thanks
Thank you so much,thanks
Thanks buddy,thanks
Awesome thanks,thanks
Great thank you,thanks
Thanks for the information,thanks
Much appreciated,thanks
Thank you for assisting me,thanks
Thanks for resolving my issue,thanks
Thank you AI,thanks
Thanks assistant,thanks
Perfect thank you,thanks
Thank you for the guidance,thanks
Thanks for explaining,thanks
Super thanks,thanks
Thank you FoodReach team,thanks
Thanks useful information,thanks
Thank you kindly,thanks
Thanks for quick reply,thanks
Appreciate your assistance,thanks
Thanks that was helpful,thanks
Thank you that answered my question,thanks
Big thanks,thanks
Thanks for clarification,thanks
Thank you so much for the support,thanks
Thanks excellent service,thanks
Thank you very helpful bot,thanks
Thanks for detailed answer,thanks
Appreciate the fast response,thanks
Thank you for clear instructions,thanks
Thanks helpful assistant,thanks
Thank you good bot,thanks
Thanks for step by step guide,thanks
Thank you for helping out,thanks
Thanks invaluable help,thanks
Thank you for guidance,thanks
Thanks great job,thanks
Appreciate all your help,thanks
Thank you wonderful bot,thanks
Thanks that cleared my doubt,thanks
Thank you so much FoodReach,thanks
Thanks for taking care of my query,thanks
Thank you helpful information,thanks
Thanks for instant answer,thanks
Appreciate it very much,thanks
Thank you for prompt reply,thanks
Thanks for excellent guidance,thanks
Thank you very much for assistance,thanks
Thanks a ton for your help,thanks
Appreciate the fast help,thanks
Thank you AI helper,thanks
Thanks that was super clear,thanks
Thank you for resolving my doubt,thanks
Appreciate your support FoodReach,thanks
Thanks for answering my query,thanks
Thank you for great assistance,thanks
Goodbye,goodbye
Bye,goodbye
See you later,goodbye
Bye bye,goodbye
Good night,goodbye
Talk to you later,goodbye
Have a nice day,goodbye
Have a great day,goodbye
Catch you later,goodbye
Farewell,goodbye
Bye FoodReach AI,goodbye
Signing off,goodbye
See you soon,goodbye
Bye for now,goodbye
Good night assistant,goodbye
Have a good one,goodbye
Take care,goodbye
Bye thanks for help,goodbye
See ya,goodbye
Got to go bye,goodbye
Leaving now goodbye,goodbye
Closing chat bye,goodbye
Bye take care,goodbye
Have a wonderful day ahead,goodbye
Goodbye assistant,goodbye
See you tomorrow,goodbye
Bye FoodReach,goodbye
Goodnight,goodbye
Bye talk later,goodbye
Have a pleasant evening,goodbye
Bye see you next time,goodbye
Goodbye for today,goodbye
Bye assistant take care,goodbye
Until next time,goodbye
I am done bye,goodbye
Finished chat goodbye,goodbye
Have a great weekend bye,goodbye
Bye have a good day,goodbye
Signing out goodbye,goodbye
See you around,goodbye
Bye bye AI,goodbye
Goodbye team,goodbye
Off now see you later,goodbye
Bye appreciate it,goodbye
Good day goodbye,goodbye
Bye chat closed,goodbye
Take care goodbye,goodbye
See you later alligator,goodbye
Bye bye take care,goodbye
Goodbye FoodReach AI,goodbye
Have a restful night bye,goodbye
Bye bye friend,goodbye
Until later goodbye,goodbye
Catch up later bye,goodbye
Goodbye have a nice time,goodbye
Bye see you later friend,goodbye
Good night take care,goodbye
Bye bye until next time,goodbye
Farewell FoodReach team,goodbye
See you soon assistant,goodbye
Bye chat completed,goodbye
Have a fantastic day goodbye,goodbye
